group,id,difficulty,pilot,weapon,effectiveWeapon,level,seed,coop,outcome,seconds,deaths,bossHealthFraction,moduleDamage,validity,screenshot
matrix,s4-easy,easy,yuri,0,0,3,1007,False,continue,58.88333333333127,8,0.7419507575757576,323,exploratory shared-context fixture,matrix/s4-easy.png
matrix,s4-normal,normal,yuri,0,0,3,1007,False,time-limit,60.01666666666454,5,0.8081095041322314,355,exploratory shared-context fixture,matrix/s4-normal.png
matrix,s4-hard,hard,yuri,0,0,3,1007,False,continue,41.63333333333225,4,0.8876033057851239,231,exploratory shared-context fixture,matrix/s4-hard.png
matrix,s4-furious,furious,yuri,0,0,3,1007,False,continue,32.36666666666611,4,0.9926573426573426,24,exploratory shared-context fixture,matrix/s4-furious.png
matrix,mini5-easy,easy,yuri,0,0,3,1007,False,encounter-defeated,2.449999999999996,0,0,0,exploratory shared-context fixture,matrix/mini5-easy.png
matrix,mini5-normal,normal,yuri,0,0,3,1007,False,encounter-defeated,5.049999999999987,0,0,0,exploratory shared-context fixture,matrix/mini5-normal.png
matrix,mini5-hard,hard,yuri,0,0,3,1007,False,encounter-defeated,5.616666666666652,0,0,0,exploratory shared-context fixture,matrix/mini5-hard.png
matrix,mini5-furious,furious,yuri,0,0,3,1007,False,encounter-defeated,6.766666666666648,0,0,0,exploratory shared-context fixture,matrix/mini5-furious.png
matrix,mini6-easy,easy,yuri,0,7,3,1007,False,encounter-defeated,9.783333333333399,0,0,151.99999999999997,exploratory shared-context fixture,matrix/mini6-easy.png
matrix,mini6-normal,normal,yuri,0,7,3,1007,False,encounter-defeated,34.39999999999933,0,0,1099.9999999999993,exploratory shared-context fixture,matrix/mini6-normal.png
matrix,mini6-hard,hard,yuri,0,7,3,1007,False,encounter-defeated,35.41666666666594,0,0,650.0000000000008,exploratory shared-context fixture,matrix/mini6-hard.png
matrix,mini6-furious,furious,yuri,0,7,3,1007,False,encounter-defeated,38.24999999999911,0,0,753.4000000000019,exploratory shared-context fixture,matrix/mini6-furious.png
matrix,rebels-easy,easy,yuri,0,7,3,1007,False,encounter-defeated,14.266666666666955,0,0,0,exploratory shared-context fixture,matrix/rebels-easy.png
matrix,rebels-normal,normal,yuri,0,7,3,1007,False,continue,41.48333333333226,6,0.6474257425742574,0,exploratory shared-context fixture,matrix/rebels-normal.png
matrix,rebels-hard,hard,yuri,0,7,3,1007,False,continue,21.050000000000086,4,0.8812350230414753,0,exploratory shared-context fixture,matrix/rebels-hard.png
matrix,rebels-furious,furious,yuri,0,7,3,1007,False,continue,17.500000000000288,4,0.9276913183279742,0,exploratory shared-context fixture,matrix/rebels-furious.png
matrix,ace-easy,easy,yuri,0,7,3,1007,False,time-limit,60.01666666666454,0,,0,ace HP field excluded; corrected in audit/recovery trials,matrix/ace-easy.png
matrix,ace-normal,normal,yuri,0,7,3,1007,False,time-limit,60.01666666666454,1,,0,ace HP field excluded; corrected in audit/recovery trials,matrix/ace-normal.png
matrix,ace-hard,hard,yuri,0,7,3,1007,False,continue,43.71666666666547,4,,0,ace HP field excluded; corrected in audit/recovery trials,matrix/ace-hard.png
matrix,ace-furious,furious,yuri,0,7,3,1007,False,time-limit,60.01666666666454,3,,0,ace HP field excluded; corrected in audit/recovery trials,matrix/ace-furious.png
matrix,herald-easy,easy,yuri,0,7,3,1007,False,encounter-defeated,14.56666666666697,0,0,583.700000000001,exploratory shared-context fixture,matrix/herald-easy.png
matrix,herald-normal,normal,yuri,0,7,3,1007,False,encounter-defeated,30.06666666666624,0,0,1125.4999999999961,exploratory shared-context fixture,matrix/herald-normal.png
matrix,herald-hard,hard,yuri,0,7,3,1007,False,continue,44.51666666666542,4,0.4748780487804848,1308.4500000000148,exploratory shared-context fixture,matrix/herald-hard.png
matrix,herald-furious,furious,yuri,0,7,3,1007,False,continue,22.816666666666652,4,0.8060539350577866,673.2000000000044,exploratory shared-context fixture,matrix/herald-furious.png
matrix,final-host-easy,easy,yuri,0,7,3,1007,False,phase-depleted,31.416666666666163,2,0,1616.849999999992,exploratory shared-context fixture,matrix/final-host-easy.png
matrix,final-host-normal,normal,yuri,0,7,3,1007,False,time-limit,60.01666666666454,5,0.33242307692307643,2671.699999999996,exploratory shared-context fixture,matrix/final-host-normal.png
matrix,final-host-hard,hard,yuri,0,7,3,1007,False,continue,55.19999999999815,4,0.5200151515151429,2638.7500000000473,exploratory shared-context fixture,matrix/final-host-hard.png
matrix,final-host-furious,furious,yuri,0,7,3,1007,False,continue,54.516666666664854,4,0.6214024390243821,2712.55000000003,exploratory shared-context fixture,matrix/final-host-furious.png
matrix,final-ghost-easy,easy,yuri,0,7,3,1007,False,phase-depleted,34.56666666666599,2,0,2117.5499999999915,exploratory shared-context fixture,matrix/final-ghost-easy.png
matrix,final-ghost-normal,normal,yuri,0,7,3,1007,False,time-limit,60.01666666666454,5,0.1838294314381438,4104.650000000049,exploratory shared-context fixture,matrix/final-ghost-normal.png
matrix,final-ghost-hard,hard,yuri,0,7,3,1007,False,continue,35.666666666665925,4,0.6659156785243657,2238.1500000000287,exploratory shared-context fixture,matrix/final-ghost-hard.png
matrix,final-ghost-furious,furious,yuri,0,7,3,1007,False,continue,36.716666666665866,4,0.6963838812301081,2535.150000000037,exploratory shared-context fixture,matrix/final-ghost-furious.png
matrix,final-home-easy,easy,yuri,0,7,3,1007,False,form-transition,35.76666666666592,2,,1877.4499999999878,phase health fraction excluded after pool switch,matrix/final-home-easy.png
matrix,final-home-normal,normal,yuri,0,7,3,1007,False,form-transition,31.416666666666163,3,,1751.5500000000295,phase health fraction excluded after pool switch,matrix/final-home-normal.png
matrix,final-home-hard,hard,yuri,0,7,3,1007,False,continue,29.266666666666286,4,0.7571678321678265,1514.7000000000203,exploratory shared-context fixture,matrix/final-home-hard.png
matrix,final-home-furious,furious,yuri,0,7,3,1007,False,continue,29.48333333333294,4,0.7921482176360175,1537.7000000000228,exploratory shared-context fixture,matrix/final-home-furious.png
matrix,final-0-easy,easy,yuri,0,7,3,1007,False,phase-depleted,15.000000000000325,0,0,1920.100000000007,exploratory shared-context fixture,matrix/final-0-easy.png
matrix,final-0-normal,normal,yuri,0,7,3,1007,False,form-transition,19.650000000000166,1,,2133.0499999999583,phase health fraction excluded after pool switch,matrix/final-0-normal.png
matrix,final-0-hard,hard,yuri,0,7,3,1007,False,form-transition,23.516666666666612,1,,2111.7999999999756,phase health fraction excluded after pool switch,matrix/final-0-hard.png
matrix,final-0-furious,furious,yuri,0,7,3,1007,False,form-transition,23.066666666666638,1,,1948.5499999999747,phase health fraction excluded after pool switch,matrix/final-0-furious.png
matrix,final-1-easy,easy,yuri,0,7,3,1007,False,form-transition,38.88333333333241,2,,1505.7500000000066,phase health fraction excluded after pool switch,matrix/final-1-easy.png
matrix,final-1-normal,normal,yuri,0,7,3,1007,False,form-transition,38.38333333333244,2,,1723.7499999999764,phase health fraction excluded after pool switch,matrix/final-1-normal.png
matrix,final-1-hard,hard,yuri,0,7,3,1007,False,form-transition,43.19999999999883,3,,1495.7999999999856,phase health fraction excluded after pool switch,matrix/final-1-hard.png
matrix,final-1-furious,furious,yuri,0,7,3,1007,False,form-transition,46.23333333333199,3,,2182.4999999999836,phase health fraction excluded after pool switch,matrix/final-1-furious.png
matrix,final-2-easy,easy,yuri,0,7,3,1007,False,form-transition,39.0333333333324,5,,1817.6499999999871,phase health fraction excluded after pool switch,matrix/final-2-easy.png
matrix,final-2-normal,normal,yuri,0,7,3,1007,False,form-transition,43.799999999998796,3,,2786.2500000000528,phase health fraction excluded after pool switch,matrix/final-2-normal.png
matrix,final-2-hard,hard,yuri,0,7,3,1007,False,form-transition,43.49999999999881,3,,2939.2000000000558,phase health fraction excluded after pool switch,matrix/final-2-hard.png
matrix,final-2-furious,furious,yuri,0,7,3,1007,False,form-transition,56.616666666664734,4,,3621.3000000000725,phase health fraction excluded after pool switch,matrix/final-2-furious.png
matrix,final-3-easy,easy,yuri,0,7,3,1007,False,phase-depleted,38.816666666665746,1,0,3639.7500000000095,exploratory shared-context fixture,matrix/final-3-easy.png
matrix,final-3-normal,normal,yuri,0,7,3,1007,False,form-transition,52.216666666664985,2,,2594.1500000000415,phase health fraction excluded after pool switch,matrix/final-3-normal.png
matrix,final-3-hard,hard,yuri,0,7,3,1007,False,form-transition,51.76666666666501,2,,2607.0499999999947,phase health fraction excluded after pool switch,matrix/final-3-hard.png
matrix,final-3-furious,furious,yuri,0,7,3,1007,False,continue,37.2333333333325,4,0.813069800569796,2058.3500000000245,exploratory shared-context fixture,matrix/final-3-furious.png
matrix,final-4-easy,easy,yuri,0,7,3,1007,False,form-transition,50.266666666665095,5,,2011.800000000011,phase health fraction excluded after pool switch,matrix/final-4-easy.png
matrix,final-4-normal,normal,yuri,0,7,3,1007,False,form-transition,49.299999999998484,5,,2943.4999999999986,phase health fraction excluded after pool switch,matrix/final-4-normal.png
matrix,final-4-hard,hard,yuri,0,7,3,1007,False,continue,32.88333333333275,4,0.8372865013774056,1449.650000000032,exploratory shared-context fixture,matrix/final-4-hard.png
matrix,final-4-furious,furious,yuri,0,7,3,1007,False,continue,33.333333333332725,4,0.8737470862470804,1287.7000000000487,exploratory shared-context fixture,matrix/final-4-furious.png
matrix,final-5-easy,easy,yuri,0,7,3,1007,False,form-transition,57.583333333331346,2,,3104.7500000000173,phase health fraction excluded after pool switch,matrix/final-5-easy.png
matrix,final-5-normal,normal,yuri,0,7,3,1007,False,form-transition,55.03333333333149,1,,6562.7499999999345,phase health fraction excluded after pool switch,matrix/final-5-normal.png
matrix,final-5-hard,hard,yuri,0,7,3,1007,False,continue,40.86666666666563,4,0.8208435357492613,1752.4000000000312,exploratory shared-context fixture,matrix/final-5-hard.png
matrix,final-5-furious,furious,yuri,0,7,3,1007,False,time-limit,60.01666666666454,4,0.8071196294836633,2662.199999999788,exploratory shared-context fixture,matrix/final-5-furious.png
matrix,final-6-easy,easy,yuri,0,7,3,1007,False,form-transition,53.7166666666649,1,,4157.650000000049,phase health fraction excluded after pool switch,matrix/final-6-easy.png
matrix,final-6-normal,normal,yuri,0,7,3,1007,False,form-transition,52.216666666664985,0,,8406.699999999786,phase health fraction excluded after pool switch,matrix/final-6-normal.png
matrix,final-6-hard,hard,yuri,0,7,3,1007,False,continue,34.266666666666005,4,0.766288645875525,2852.650000000004,exploratory shared-context fixture,matrix/final-6-hard.png
matrix,final-6-furious,furious,yuri,0,7,3,1007,False,continue,49.799999999998455,4,0.6537754169522403,4648.300000000128,exploratory shared-context fixture,matrix/final-6-furious.png
matrix,final-7-easy,easy,yuri,0,7,3,1007,False,form-transition,43.19999999999883,2,,2872.8500000000067,phase health fraction excluded after pool switch,matrix/final-7-easy.png
matrix,final-7-normal,normal,yuri,0,7,3,1007,False,form-transition,42.19999999999889,4,,3180.600000000011,phase health fraction excluded after pool switch,matrix/final-7-normal.png
matrix,final-7-hard,hard,yuri,0,7,3,1007,False,continue,27.816666666666368,4,0.8512910629751821,1717.1000000000022,exploratory shared-context fixture,matrix/final-7-hard.png
matrix,final-7-furious,furious,yuri,0,7,3,1007,False,continue,25.849999999999813,4,0.9104227642276425,1342.8499999999967,exploratory shared-context fixture,matrix/final-7-furious.png
matrix,final-8-easy,easy,yuri,0,7,3,1007,False,form-transition,39.26666666666572,1,,1547.5174999999867,phase health fraction excluded after pool switch,matrix/final-8-easy.png
matrix,final-8-normal,normal,yuri,0,7,3,1007,False,form-transition,39.26666666666572,4,,3093,phase health fraction excluded after pool switch,matrix/final-8-normal.png
matrix,final-8-hard,hard,yuri,0,7,3,1007,False,form-transition,39.26666666666572,2,,3953.65,phase health fraction excluded after pool switch,matrix/final-8-hard.png
matrix,final-8-furious,furious,yuri,0,7,3,1007,False,form-transition,45.26666666666538,4,,4887.75,phase health fraction excluded after pool switch,matrix/final-8-furious.png
attacks,rift-easy-left-150,easy,juggernaut,0,,0,1007,False,survived,8.31666666666666,0,1,0,isolated attack/control,
attacks,rift-easy-left-250,easy,juggernaut,0,,0,1007,False,survived,8.31666666666666,0,1,0,isolated attack/control,
attacks,rift-easy-left-400,easy,juggernaut,0,,0,1007,False,survived,8.31666666666666,0,1,0,isolated attack/control,
attacks,rift-easy-center-150,easy,juggernaut,0,,0,1007,False,survived,8.31666666666666,0,1,0,isolated attack/control,
attacks,rift-easy-center-250,easy,juggernaut,0,,0,1007,False,survived,8.31666666666666,0,1,0,isolated attack/control,
attacks,rift-easy-center-400,easy,juggernaut,0,,0,1007,False,survived,8.31666666666666,0,1,0,isolated attack/control,attacks/rift-easy-center-400.png
attacks,rift-easy-right-150,easy,juggernaut,0,,0,1007,False,survived,8.31666666666666,0,1,0,isolated attack/control,
attacks,rift-easy-right-250,easy,juggernaut,0,,0,1007,False,survived,8.31666666666666,0,1,0,isolated attack/control,
attacks,rift-easy-right-400,easy,juggernaut,0,,0,1007,False,survived,8.31666666666666,0,1,0,isolated attack/control,
attacks,rift-normal-left-150,normal,juggernaut,0,,0,1007,False,survived,8.31666666666666,0,1,0,isolated attack/control,
attacks,rift-normal-left-250,normal,juggernaut,0,,0,1007,False,survived,8.31666666666666,0,1,0,isolated attack/control,
attacks,rift-normal-left-400,normal,juggernaut,0,,0,1007,False,survived,8.31666666666666,0,1,0,isolated attack/control,
attacks,rift-normal-center-150,normal,juggernaut,0,,0,1007,False,survived,8.31666666666666,0,1,0,isolated attack/control,
attacks,rift-normal-center-250,normal,juggernaut,0,,0,1007,False,survived,8.31666666666666,0,1,0,isolated attack/control,
attacks,rift-normal-center-400,normal,juggernaut,0,,0,1007,False,survived,8.31666666666666,0,1,0,isolated attack/control,attacks/rift-normal-center-400.png
attacks,rift-normal-right-150,normal,juggernaut,0,,0,1007,False,survived,8.31666666666666,0,1,0,isolated attack/control,
attacks,rift-normal-right-250,normal,juggernaut,0,,0,1007,False,survived,8.31666666666666,0,1,0,isolated attack/control,
attacks,rift-normal-right-400,normal,juggernaut,0,,0,1007,False,survived,8.31666666666666,0,1,0,isolated attack/control,
attacks,rift-hard-left-150,hard,juggernaut,0,,0,1007,False,survived,8.600000000000007,0,1,0,isolated attack/control,
attacks,rift-hard-left-250,hard,juggernaut,0,,0,1007,False,survived,8.600000000000007,0,1,0,isolated attack/control,
attacks,rift-hard-left-400,hard,juggernaut,0,,0,1007,False,survived,8.600000000000007,0,1,0,isolated attack/control,
attacks,rift-hard-center-150,hard,juggernaut,0,,0,1007,False,survived,8.600000000000007,0,1,0,isolated attack/control,
attacks,rift-hard-center-250,hard,juggernaut,0,,0,1007,False,survived,8.600000000000007,0,1,0,isolated attack/control,
attacks,rift-hard-center-400,hard,juggernaut,0,,0,1007,False,survived,8.600000000000007,0,1,0,isolated attack/control,attacks/rift-hard-center-400.png
attacks,rift-hard-right-150,hard,juggernaut,0,,0,1007,False,survived,8.600000000000007,0,1,0,isolated attack/control,
attacks,rift-hard-right-250,hard,juggernaut,0,,0,1007,False,survived,8.600000000000007,0,1,0,isolated attack/control,
attacks,rift-hard-right-400,hard,juggernaut,0,,0,1007,False,survived,8.600000000000007,0,1,0,isolated attack/control,
attacks,rift-furious-left-150,furious,juggernaut,0,,0,1007,False,survived,8.900000000000022,0,1,0,isolated attack/control,
attacks,rift-furious-left-250,furious,juggernaut,0,,0,1007,False,survived,8.900000000000022,0,1,0,isolated attack/control,
attacks,rift-furious-left-400,furious,juggernaut,0,,0,1007,False,survived,8.900000000000022,0,1,0,isolated attack/control,
attacks,rift-furious-center-150,furious,juggernaut,0,,0,1007,False,survived,8.900000000000022,0,1,0,isolated attack/control,
attacks,rift-furious-center-250,furious,juggernaut,0,,0,1007,False,survived,8.900000000000022,0,1,0,isolated attack/control,
attacks,rift-furious-center-400,furious,juggernaut,0,,0,1007,False,survived,8.900000000000022,0,1,0,isolated attack/control,attacks/rift-furious-center-400.png
attacks,rift-furious-right-150,furious,juggernaut,0,,0,1007,False,survived,8.900000000000022,0,1,0,isolated attack/control,
attacks,rift-furious-right-250,furious,juggernaut,0,,0,1007,False,survived,8.900000000000022,0,1,0,isolated attack/control,
attacks,rift-furious-right-400,furious,juggernaut,0,,0,1007,False,survived,8.900000000000022,0,1,0,isolated attack/control,
attacks,hook-easy-left-150,easy,juggernaut,0,,0,1007,False,survived,4.816666666666655,0,1,0,isolated attack/control,
attacks,hook-easy-left-250,easy,juggernaut,0,,0,1007,False,survived,4.816666666666655,0,1,0,isolated attack/control,
attacks,hook-easy-left-400,easy,juggernaut,0,,0,1007,False,survived,4.816666666666655,0,1,0,isolated attack/control,
attacks,hook-easy-center-150,easy,juggernaut,0,,0,1007,False,survived,4.816666666666655,0,1,0,isolated attack/control,
attacks,hook-easy-center-250,easy,juggernaut,0,,0,1007,False,survived,4.816666666666655,0,1,0,isolated attack/control,
attacks,hook-easy-center-400,easy,juggernaut,0,,0,1007,False,survived,4.816666666666655,0,1,0,isolated attack/control,attacks/hook-easy-center-400.png
attacks,hook-easy-right-150,easy,juggernaut,0,,0,1007,False,survived,4.816666666666655,0,1,0,isolated attack/control,
attacks,hook-easy-right-250,easy,juggernaut,0,,0,1007,False,survived,4.816666666666655,0,1,0,isolated attack/control,
attacks,hook-easy-right-400,easy,juggernaut,0,,0,1007,False,survived,4.816666666666655,0,1,0,isolated attack/control,
attacks,hook-normal-left-150,normal,juggernaut,0,,0,1007,False,survived,4.816666666666655,0,1,0,isolated attack/control,
attacks,hook-normal-left-250,normal,juggernaut,0,,0,1007,False,survived,4.816666666666655,0,1,0,isolated attack/control,
attacks,hook-normal-left-400,normal,juggernaut,0,,0,1007,False,survived,4.816666666666655,0,1,0,isolated attack/control,
attacks,hook-normal-center-150,normal,juggernaut,0,,0,1007,False,survived,4.816666666666655,0,1,0,isolated attack/control,
attacks,hook-normal-center-250,normal,juggernaut,0,,0,1007,False,survived,4.816666666666655,0,1,0,isolated attack/control,
attacks,hook-normal-center-400,normal,juggernaut,0,,0,1007,False,survived,4.816666666666655,0,1,0,isolated attack/control,attacks/hook-normal-center-400.png
attacks,hook-normal-right-150,normal,juggernaut,0,,0,1007,False,survived,4.816666666666655,0,1,0,isolated attack/control,
attacks,hook-normal-right-250,normal,juggernaut,0,,0,1007,False,survived,4.816666666666655,0,1,0,isolated attack/control,
attacks,hook-normal-right-400,normal,juggernaut,0,,0,1007,False,survived,4.816666666666655,0,1,0,isolated attack/control,
attacks,hook-hard-left-150,hard,juggernaut,0,,0,1007,False,survived,4.816666666666655,0,1,0,isolated attack/control,
attacks,hook-hard-left-250,hard,juggernaut,0,,0,1007,False,survived,4.816666666666655,0,1,0,isolated attack/control,
attacks,hook-hard-left-400,hard,juggernaut,0,,0,1007,False,survived,4.816666666666655,0,1,0,isolated attack/control,
attacks,hook-hard-center-150,hard,juggernaut,0,,0,1007,False,survived,4.816666666666655,0,1,0,isolated attack/control,
attacks,hook-hard-center-250,hard,juggernaut,0,,0,1007,False,survived,4.816666666666655,0,1,0,isolated attack/control,
attacks,hook-hard-center-400,hard,juggernaut,0,,0,1007,False,survived,4.816666666666655,0,1,0,isolated attack/control,attacks/hook-hard-center-400.png
attacks,hook-hard-right-150,hard,juggernaut,0,,0,1007,False,survived,4.816666666666655,0,1,0,isolated attack/control,
attacks,hook-hard-right-250,hard,juggernaut,0,,0,1007,False,survived,4.816666666666655,0,1,0,isolated attack/control,
attacks,hook-hard-right-400,hard,juggernaut,0,,0,1007,False,survived,4.816666666666655,0,1,0,isolated attack/control,
attacks,hook-furious-left-150,furious,juggernaut,0,,0,1007,False,survived,4.816666666666655,0,1,0,isolated attack/control,
attacks,hook-furious-left-250,furious,juggernaut,0,,0,1007,False,survived,4.816666666666655,0,1,0,isolated attack/control,
attacks,hook-furious-left-400,furious,juggernaut,0,,0,1007,False,survived,4.816666666666655,0,1,0,isolated attack/control,
attacks,hook-furious-center-150,furious,juggernaut,0,,0,1007,False,survived,4.816666666666655,0,1,0,isolated attack/control,
attacks,hook-furious-center-250,furious,juggernaut,0,,0,1007,False,survived,4.816666666666655,0,1,0,isolated attack/control,
attacks,hook-furious-center-400,furious,juggernaut,0,,0,1007,False,survived,4.816666666666655,0,1,0,isolated attack/control,attacks/hook-furious-center-400.png
attacks,hook-furious-right-150,furious,juggernaut,0,,0,1007,False,survived,4.816666666666655,0,1,0,isolated attack/control,
attacks,hook-furious-right-250,furious,juggernaut,0,,0,1007,False,survived,4.816666666666655,0,1,0,isolated attack/control,
attacks,hook-furious-right-400,furious,juggernaut,0,,0,1007,False,survived,4.816666666666655,0,1,0,isolated attack/control,
attacks,cross-easy-left-150,easy,juggernaut,0,,0,1007,False,survived,1.5333333333333328,0,1,0,isolated attack/control,
attacks,cross-easy-left-250,easy,juggernaut,0,,0,1007,False,survived,1.5333333333333328,0,1,0,isolated attack/control,
attacks,cross-easy-left-400,easy,juggernaut,0,,0,1007,False,survived,1.5333333333333328,0,1,0,isolated attack/control,
attacks,cross-easy-center-150,easy,juggernaut,0,,0,1007,False,survived,1.5333333333333328,0,1,0,isolated attack/control,
attacks,cross-easy-center-250,easy,juggernaut,0,,0,1007,False,survived,1.5333333333333328,0,1,0,isolated attack/control,
attacks,cross-easy-center-400,easy,juggernaut,0,,0,1007,False,survived,1.5333333333333328,0,1,0,isolated attack/control,attacks/cross-easy-center-400.png
attacks,cross-easy-right-150,easy,juggernaut,0,,0,1007,False,survived,1.5333333333333328,0,1,0,isolated attack/control,
attacks,cross-easy-right-250,easy,juggernaut,0,,0,1007,False,survived,1.5333333333333328,0,1,0,isolated attack/control,
attacks,cross-easy-right-400,easy,juggernaut,0,,0,1007,False,survived,1.5333333333333328,0,1,0,isolated attack/control,
attacks,cross-normal-left-150,normal,juggernaut,0,,0,1007,False,survived,1.4,0,1,0,isolated attack/control,
attacks,cross-normal-left-250,normal,juggernaut,0,,0,1007,False,survived,1.4,0,1,0,isolated attack/control,
attacks,cross-normal-left-400,normal,juggernaut,0,,0,1007,False,survived,1.4,0,1,0,isolated attack/control,
attacks,cross-normal-center-150,normal,juggernaut,0,,0,1007,False,survived,1.4,0,1,0,isolated attack/control,
attacks,cross-normal-center-250,normal,juggernaut,0,,0,1007,False,survived,1.4,0,1,0,isolated attack/control,
attacks,cross-normal-center-400,normal,juggernaut,0,,0,1007,False,survived,1.4,0,1,0,isolated attack/control,attacks/cross-normal-center-400.png
attacks,cross-normal-right-150,normal,juggernaut,0,,0,1007,False,survived,1.4,0,1,0,isolated attack/control,
attacks,cross-normal-right-250,normal,juggernaut,0,,0,1007,False,survived,1.4,0,1,0,isolated attack/control,
attacks,cross-normal-right-400,normal,juggernaut,0,,0,1007,False,survived,1.4,0,1,0,isolated attack/control,
attacks,cross-hard-left-150,hard,juggernaut,0,,0,1007,False,survived,1.266666666666667,0,1,0,isolated attack/control,
attacks,cross-hard-left-250,hard,juggernaut,0,,0,1007,False,survived,1.266666666666667,0,1,0,isolated attack/control,
attacks,cross-hard-left-400,hard,juggernaut,0,,0,1007,False,survived,1.266666666666667,0,1,0,isolated attack/control,
attacks,cross-hard-center-150,hard,juggernaut,0,,0,1007,False,survived,1.266666666666667,0,1,0,isolated attack/control,
attacks,cross-hard-center-250,hard,juggernaut,0,,0,1007,False,survived,1.266666666666667,0,1,0,isolated attack/control,
attacks,cross-hard-center-400,hard,juggernaut,0,,0,1007,False,survived,1.266666666666667,0,1,0,isolated attack/control,attacks/cross-hard-center-400.png
attacks,cross-hard-right-150,hard,juggernaut,0,,0,1007,False,survived,1.266666666666667,0,1,0,isolated attack/control,
attacks,cross-hard-right-250,hard,juggernaut,0,,0,1007,False,survived,1.266666666666667,0,1,0,isolated attack/control,
attacks,cross-hard-right-400,hard,juggernaut,0,,0,1007,False,survived,1.266666666666667,0,1,0,isolated attack/control,
attacks,cross-furious-left-150,furious,juggernaut,0,,0,1007,False,survived,1.2000000000000006,0,1,0,isolated attack/control,
attacks,cross-furious-left-250,furious,juggernaut,0,,0,1007,False,survived,1.2000000000000006,0,1,0,isolated attack/control,
attacks,cross-furious-left-400,furious,juggernaut,0,,0,1007,False,survived,1.2000000000000006,0,1,0,isolated attack/control,
attacks,cross-furious-center-150,furious,juggernaut,0,,0,1007,False,survived,1.2000000000000006,0,1,0,isolated attack/control,
attacks,cross-furious-center-250,furious,juggernaut,0,,0,1007,False,survived,1.2000000000000006,0,1,0,isolated attack/control,
attacks,cross-furious-center-400,furious,juggernaut,0,,0,1007,False,survived,1.2000000000000006,0,1,0,isolated attack/control,attacks/cross-furious-center-400.png
attacks,cross-furious-right-150,furious,juggernaut,0,,0,1007,False,survived,1.2000000000000006,0,1,0,isolated attack/control,
attacks,cross-furious-right-250,furious,juggernaut,0,,0,1007,False,survived,1.2000000000000006,0,1,0,isolated attack/control,
attacks,cross-furious-right-400,furious,juggernaut,0,,0,1007,False,survived,1.2000000000000006,0,1,0,isolated attack/control,
attack_controls,rift-easy-30fps,easy,juggernaut,0,,0,1007,False,survived,8.333333333333314,0,1,0,isolated attack/control,attack_controls/rift-easy-30fps.png
attack_controls,rift-easy-positive,easy,juggernaut,0,,0,1007,False,hit,2.633333333333329,1,1,0,isolated attack/control,attack_controls/rift-easy-positive.png
attack_controls,rift-normal-30fps,normal,juggernaut,0,,0,1007,False,survived,8.333333333333314,0,1,0,isolated attack/control,attack_controls/rift-normal-30fps.png
attack_controls,rift-normal-positive,normal,juggernaut,0,,0,1007,False,hit,2.633333333333329,1,1,0,isolated attack/control,attack_controls/rift-normal-positive.png
attack_controls,rift-hard-30fps,hard,juggernaut,0,,0,1007,False,survived,8.633333333333313,0,1,0,isolated attack/control,attack_controls/rift-hard-30fps.png
attack_controls,rift-hard-positive,hard,juggernaut,0,,0,1007,False,hit,2.633333333333329,1,1,0,isolated attack/control,attack_controls/rift-hard-positive.png
attack_controls,rift-furious-30fps,furious,juggernaut,0,,0,1007,False,survived,8.933333333333312,0,1,0,isolated attack/control,attack_controls/rift-furious-30fps.png
attack_controls,rift-furious-positive,furious,juggernaut,0,,0,1007,False,hit,2.633333333333329,1,1,0,isolated attack/control,attack_controls/rift-furious-positive.png
attack_controls,hook-easy-30fps,easy,juggernaut,0,,0,1007,False,survived,4.833333333333326,0,1,0,isolated attack/control,attack_controls/hook-easy-30fps.png
attack_controls,hook-easy-positive,easy,juggernaut,0,,0,1007,False,hit,3.733333333333325,1,1,0,isolated attack/control,attack_controls/hook-easy-positive.png
attack_controls,hook-normal-30fps,normal,juggernaut,0,,0,1007,False,survived,4.833333333333326,0,1,0,isolated attack/control,attack_controls/hook-normal-30fps.png
attack_controls,hook-normal-positive,normal,juggernaut,0,,0,1007,False,hit,3.383333333333326,1,1,0,isolated attack/control,attack_controls/hook-normal-positive.png
attack_controls,hook-hard-30fps,hard,juggernaut,0,,0,1007,False,survived,4.833333333333326,0,1,0,isolated attack/control,attack_controls/hook-hard-30fps.png
attack_controls,hook-hard-positive,hard,juggernaut,0,,0,1007,False,hit,3.183333333333327,1,1,0,isolated attack/control,attack_controls/hook-hard-positive.png
attack_controls,hook-furious-30fps,furious,juggernaut,0,,0,1007,False,survived,4.833333333333326,0,1,0,isolated attack/control,attack_controls/hook-furious-30fps.png
attack_controls,hook-furious-positive,furious,juggernaut,0,,0,1007,False,hit,3.183333333333327,1,1,0,isolated attack/control,attack_controls/hook-furious-positive.png
attack_controls,cross-easy-30fps,easy,juggernaut,0,,0,1007,False,survived,1.5333333333333348,0,1,0,isolated attack/control,attack_controls/cross-easy-30fps.png
attack_controls,cross-easy-positive,easy,juggernaut,0,,0,1007,False,hit,0.016666666666666666,1,1,0,isolated attack/control,attack_controls/cross-easy-positive.png
attack_controls,cross-normal-30fps,normal,juggernaut,0,,0,1007,False,survived,1.400000000000001,0,1,0,isolated attack/control,attack_controls/cross-normal-30fps.png
attack_controls,cross-normal-positive,normal,juggernaut,0,,0,1007,False,hit,0.016666666666666666,1,1,0,isolated attack/control,attack_controls/cross-normal-positive.png
attack_controls,cross-hard-30fps,hard,juggernaut,0,,0,1007,False,survived,1.2666666666666673,0,1,0,isolated attack/control,attack_controls/cross-hard-30fps.png
attack_controls,cross-hard-positive,hard,juggernaut,0,,0,1007,False,hit,0.016666666666666666,1,1,0,isolated attack/control,attack_controls/cross-hard-positive.png
attack_controls,cross-furious-30fps,furious,juggernaut,0,,0,1007,False,survived,1.2000000000000004,0,1,0,isolated attack/control,attack_controls/cross-furious-30fps.png
attack_controls,cross-furious-positive,furious,juggernaut,0,,0,1007,False,hit,0.016666666666666666,1,1,0,isolated attack/control,attack_controls/cross-furious-positive.png
followups,mini5-easy-l0-juggernaut-1007,easy,juggernaut,0,0,0,1007,False,encounter-defeated,7.233333333333313,0,0,0,exploratory shared-context fixture,followups/mini5-easy-l0-juggernaut-1007.png
followups,mini5-easy-l0-juggernaut-2027,easy,juggernaut,0,0,0,2027,False,encounter-defeated,7.233333333333313,0,0,0,exploratory shared-context fixture,
followups,mini5-easy-l0-yuri-1007,easy,yuri,0,0,0,1007,False,encounter-defeated,6.399999999999983,0,0,0,exploratory shared-context fixture,
followups,mini5-easy-l0-yuri-2027,easy,yuri,0,0,0,2027,False,encounter-defeated,6.366666666666649,0,0,0,exploratory shared-context fixture,
followups,mini5-easy-l0-falva-1007,easy,falva,0,0,0,1007,False,encounter-defeated,6.3166666666666496,0,0,0,exploratory shared-context fixture,
followups,mini5-easy-l0-falva-2027,easy,falva,0,0,0,2027,False,encounter-defeated,6.3166666666666496,0,0,0,exploratory shared-context fixture,
followups,mini5-easy-l1-juggernaut-1007,easy,juggernaut,0,0,1,1007,False,encounter-defeated,5.13333333333332,0,0,0,exploratory shared-context fixture,
followups,mini5-easy-l1-juggernaut-2027,easy,juggernaut,0,0,1,2027,False,encounter-defeated,4.633333333333322,0,0,0,exploratory shared-context fixture,
followups,mini5-easy-l1-yuri-1007,easy,yuri,0,0,1,1007,False,encounter-defeated,4.733333333333322,0,0,0,exploratory shared-context fixture,
followups,mini5-easy-l1-yuri-2027,easy,yuri,0,0,1,2027,False,encounter-defeated,4.566666666666656,0,0,0,exploratory shared-context fixture,
followups,mini5-easy-l1-falva-1007,easy,falva,0,0,1,1007,False,encounter-defeated,4.733333333333322,0,0,0,exploratory shared-context fixture,
followups,mini5-easy-l1-falva-2027,easy,falva,0,0,1,2027,False,encounter-defeated,4.34999999999999,0,0,0,exploratory shared-context fixture,
followups,mini5-easy-l3-juggernaut-1007,easy,juggernaut,0,0,3,1007,False,encounter-defeated,2.5166666666666626,0,0,0,exploratory shared-context fixture,
followups,mini5-easy-l3-juggernaut-2027,easy,juggernaut,0,0,3,2027,False,encounter-defeated,2.5166666666666626,0,0,0,exploratory shared-context fixture,
followups,mini5-easy-l3-yuri-1007,easy,yuri,0,0,3,1007,False,encounter-defeated,2.416666666666663,0,0,0,exploratory shared-context fixture,
followups,mini5-easy-l3-yuri-2027,easy,yuri,0,0,3,2027,False,encounter-defeated,2.449999999999996,0,0,0,exploratory shared-context fixture,
followups,mini5-easy-l3-falva-1007,easy,falva,0,0,3,1007,False,encounter-defeated,2.416666666666663,0,0,0,exploratory shared-context fixture,
followups,mini5-easy-l3-falva-2027,easy,falva,0,0,3,2027,False,encounter-defeated,2.416666666666663,0,0,0,exploratory shared-context fixture,
followups,mini5-easy-l5-juggernaut-1007,easy,juggernaut,0,0,5,1007,False,encounter-defeated,1.7999999999999985,0,0,0,exploratory shared-context fixture,
followups,mini5-easy-l5-juggernaut-2027,easy,juggernaut,0,0,5,2027,False,encounter-defeated,1.7999999999999985,0,0,0,exploratory shared-context fixture,
followups,mini5-easy-l5-yuri-1007,easy,yuri,0,0,5,1007,False,encounter-defeated,1.6833333333333322,0,0,0,exploratory shared-context fixture,
followups,mini5-easy-l5-yuri-2027,easy,yuri,0,0,5,2027,False,encounter-defeated,1.6833333333333322,0,0,0,exploratory shared-context fixture,
followups,mini5-easy-l5-falva-1007,easy,falva,0,0,5,1007,False,encounter-defeated,1.6833333333333322,0,0,0,exploratory shared-context fixture,
followups,mini5-easy-l5-falva-2027,easy,falva,0,0,5,2027,False,encounter-defeated,1.6833333333333322,0,0,0,exploratory shared-context fixture,
followups,mini5-normal-l0-juggernaut-1007,normal,juggernaut,0,0,0,1007,False,death,12.916666666666888,1,0.5181121951219472,0,exploratory shared-context fixture,followups/mini5-normal-l0-juggernaut-1007.png
followups,mini5-normal-l0-juggernaut-2027,normal,juggernaut,0,0,0,2027,False,death,12.916666666666888,1,0.5130926829268252,0,exploratory shared-context fixture,
followups,mini5-normal-l0-yuri-1007,normal,yuri,0,0,0,1007,False,encounter-defeated,12.650000000000208,0,0,0,exploratory shared-context fixture,
followups,mini5-normal-l0-yuri-2027,normal,yuri,0,0,0,2027,False,encounter-defeated,12.333333333333526,0,0,0,exploratory shared-context fixture,
followups,mini5-normal-l0-falva-1007,normal,falva,0,0,0,1007,False,death,12.866666666666886,1,0.5068292682926789,0,exploratory shared-context fixture,
followups,mini5-normal-l0-falva-2027,normal,falva,0,0,0,2027,False,encounter-defeated,12.333333333333526,0,0,0,exploratory shared-context fixture,
followups,mini5-normal-l1-juggernaut-1007,normal,juggernaut,0,0,1,1007,False,encounter-defeated,9.800000000000066,0,0,0,exploratory shared-context fixture,
followups,mini5-normal-l1-juggernaut-2027,normal,juggernaut,0,0,1,2027,False,encounter-defeated,10.033333333333411,0,0,0,exploratory shared-context fixture,
followups,mini5-normal-l1-yuri-1007,normal,yuri,0,0,1,1007,False,encounter-defeated,9.150000000000034,0,0,0,exploratory shared-context fixture,
followups,mini5-normal-l1-yuri-2027,normal,yuri,0,0,1,2027,False,encounter-defeated,9.1166666666667,0,0,0,exploratory shared-context fixture,
followups,mini5-normal-l1-falva-1007,normal,falva,0,0,1,1007,False,encounter-defeated,9.183333333333369,0,0,0,exploratory shared-context fixture,
followups,mini5-normal-l1-falva-2027,normal,falva,0,0,1,2027,False,encounter-defeated,9.183333333333369,0,0,0,exploratory shared-context fixture,
followups,mini5-normal-l3-juggernaut-1007,normal,juggernaut,0,0,3,1007,False,encounter-defeated,5.349999999999986,0,0,0,exploratory shared-context fixture,
followups,mini5-normal-l3-juggernaut-2027,normal,juggernaut,0,0,3,2027,False,encounter-defeated,5.066666666666654,0,0,0,exploratory shared-context fixture,
followups,mini5-normal-l3-yuri-1007,normal,yuri,0,0,3,1007,False,encounter-defeated,5.049999999999987,0,0,0,exploratory shared-context fixture,
followups,mini5-normal-l3-yuri-2027,normal,yuri,0,0,3,2027,False,encounter-defeated,4.849999999999988,0,0,0,exploratory shared-context fixture,
followups,mini5-normal-l3-falva-1007,normal,falva,0,0,3,1007,False,encounter-defeated,5.049999999999987,0,0,0,exploratory shared-context fixture,
followups,mini5-normal-l3-falva-2027,normal,falva,0,0,3,2027,False,encounter-defeated,4.766666666666655,0,0,0,exploratory shared-context fixture,
followups,mini5-normal-l5-juggernaut-1007,normal,juggernaut,0,0,5,1007,False,encounter-defeated,3.433333333333326,0,0,0,exploratory shared-context fixture,
followups,mini5-normal-l5-juggernaut-2027,normal,juggernaut,0,0,5,2027,False,encounter-defeated,3.4166666666666594,0,0,0,exploratory shared-context fixture,
followups,mini5-normal-l5-yuri-1007,normal,yuri,0,0,5,1007,False,encounter-defeated,3.1999999999999935,0,0,0,exploratory shared-context fixture,
followups,mini5-normal-l5-yuri-2027,normal,yuri,0,0,5,2027,False,encounter-defeated,3.1999999999999935,0,0,0,exploratory shared-context fixture,
followups,mini5-normal-l5-falva-1007,normal,falva,0,0,5,1007,False,encounter-defeated,3.1999999999999935,0,0,0,exploratory shared-context fixture,
followups,mini5-normal-l5-falva-2027,normal,falva,0,0,5,2027,False,encounter-defeated,3.1999999999999935,0,0,0,exploratory shared-context fixture,
followups,mini5-hard-l0-juggernaut-1007,hard,juggernaut,0,0,0,1007,False,death,12.533333333333536,1,0.5989499793302971,0,exploratory shared-context fixture,followups/mini5-hard-l0-juggernaut-1007.png
followups,mini5-hard-l0-juggernaut-2027,hard,juggernaut,0,0,0,2027,False,death,12.533333333333536,1,0.5997933030177715,0,exploratory shared-context fixture,
followups,mini5-hard-l0-yuri-1007,hard,yuri,0,0,0,1007,False,death,12.516666666666868,1,0.5718644067796563,0,exploratory shared-context fixture,
followups,mini5-hard-l0-yuri-2027,hard,yuri,0,0,0,2027,False,death,12.516666666666868,1,0.575150888797019,0,exploratory shared-context fixture,
followups,mini5-hard-l0-falva-1007,hard,falva,0,0,0,1007,False,death,12.550000000000203,1,0.5696320793716365,0,exploratory shared-context fixture,
followups,mini5-hard-l0-falva-2027,hard,falva,0,0,0,2027,False,death,12.550000000000203,1,0.6148449772633277,0,exploratory shared-context fixture,
followups,mini5-hard-l1-juggernaut-1007,hard,juggernaut,0,0,1,1007,False,encounter-defeated,11.200000000000136,0,0,0,exploratory shared-context fixture,
followups,mini5-hard-l1-juggernaut-2027,hard,juggernaut,0,0,1,2027,False,encounter-defeated,11.200000000000136,0,0,0,exploratory shared-context fixture,
followups,mini5-hard-l1-yuri-1007,hard,yuri,0,0,1,1007,False,encounter-defeated,10.700000000000111,0,0,0,exploratory shared-context fixture,
followups,mini5-hard-l1-yuri-2027,hard,yuri,0,0,1,2027,False,encounter-defeated,10.700000000000111,0,0,0,exploratory shared-context fixture,
followups,mini5-hard-l1-falva-1007,hard,falva,0,0,1,1007,False,encounter-defeated,10.866666666666786,0,0,0,exploratory shared-context fixture,
followups,mini5-hard-l1-falva-2027,hard,falva,0,0,1,2027,False,encounter-defeated,10.700000000000111,0,0,0,exploratory shared-context fixture,
followups,mini5-hard-l3-juggernaut-1007,hard,juggernaut,0,0,3,1007,False,encounter-defeated,6.283333333333316,0,0,0,exploratory shared-context fixture,
followups,mini5-hard-l3-juggernaut-2027,hard,juggernaut,0,0,3,2027,False,encounter-defeated,6.283333333333316,0,0,0,exploratory shared-context fixture,
followups,mini5-hard-l3-yuri-1007,hard,yuri,0,0,3,1007,False,encounter-defeated,5.899999999999984,0,0,0,exploratory shared-context fixture,
followups,mini5-hard-l3-yuri-2027,hard,yuri,0,0,3,2027,False,encounter-defeated,5.916666666666651,0,0,0,exploratory shared-context fixture,
followups,mini5-hard-l3-falva-1007,hard,falva,0,0,3,1007,False,encounter-defeated,5.783333333333318,0,0,0,exploratory shared-context fixture,
followups,mini5-hard-l3-falva-2027,hard,falva,0,0,3,2027,False,encounter-defeated,5.916666666666651,0,0,0,exploratory shared-context fixture,
followups,mini5-hard-l5-juggernaut-1007,hard,juggernaut,0,0,5,1007,False,encounter-defeated,3.899999999999991,0,0,0,exploratory shared-context fixture,
followups,mini5-hard-l5-juggernaut-2027,hard,juggernaut,0,0,5,2027,False,encounter-defeated,3.899999999999991,0,0,0,exploratory shared-context fixture,
followups,mini5-hard-l5-yuri-1007,hard,yuri,0,0,5,1007,False,encounter-defeated,3.8333333333333246,0,0,0,exploratory shared-context fixture,
followups,mini5-hard-l5-yuri-2027,hard,yuri,0,0,5,2027,False,encounter-defeated,3.6333333333333253,0,0,0,exploratory shared-context fixture,
followups,mini5-hard-l5-falva-1007,hard,falva,0,0,5,1007,False,encounter-defeated,3.8333333333333246,0,0,0,exploratory shared-context fixture,
followups,mini5-hard-l5-falva-2027,hard,falva,0,0,5,2027,False,encounter-defeated,3.6333333333333253,0,0,0,exploratory shared-context fixture,
followups,mini5-furious-l0-juggernaut-1007,furious,juggernaut,0,0,0,1007,False,death,12.283333333333523,1,0.6671805054151584,0,exploratory shared-context fixture,followups/mini5-furious-l0-juggernaut-1007.png
followups,mini5-furious-l0-juggernaut-2027,furious,juggernaut,0,0,0,2027,False,death,12.283333333333523,1,0.6583032490974688,0,exploratory shared-context fixture,
followups,mini5-furious-l0-yuri-1007,furious,yuri,0,0,0,1007,False,death,12.266666666666856,1,0.6264837545126308,0,exploratory shared-context fixture,
followups,mini5-furious-l0-yuri-2027,furious,yuri,0,0,0,2027,False,death,12.266666666666856,1,0.6303826714801399,0,exploratory shared-context fixture,
followups,mini5-furious-l0-falva-1007,furious,falva,0,0,0,1007,False,death,12.316666666666858,1,0.6316462093862771,0,exploratory shared-context fixture,
followups,mini5-furious-l0-falva-2027,furious,falva,0,0,0,2027,False,death,12.316666666666858,1,0.6178844765342919,0,exploratory shared-context fixture,
followups,mini5-furious-l1-juggernaut-1007,furious,juggernaut,0,0,1,1007,False,death,12.283333333333523,1,0.5194368231046879,0,exploratory shared-context fixture,
followups,mini5-furious-l1-juggernaut-2027,furious,juggernaut,0,0,1,2027,False,death,12.283333333333523,1,0.5135884476534245,0,exploratory shared-context fixture,
followups,mini5-furious-l1-yuri-1007,furious,yuri,0,0,1,1007,False,encounter-defeated,12.000000000000176,0,0,0,exploratory shared-context fixture,
followups,mini5-furious-l1-yuri-2027,furious,yuri,0,0,1,2027,False,encounter-defeated,12.000000000000176,0,0,0,exploratory shared-context fixture,
followups,mini5-furious-l1-falva-1007,furious,falva,0,0,1,1007,False,encounter-defeated,12.000000000000176,0,0,0,exploratory shared-context fixture,
followups,mini5-furious-l1-falva-2027,furious,falva,0,0,1,2027,False,encounter-defeated,12.216666666666853,0,0,0,exploratory shared-context fixture,
followups,mini5-furious-l3-juggernaut-1007,furious,juggernaut,0,0,3,1007,False,encounter-defeated,7.216666666666646,0,0,0,exploratory shared-context fixture,
followups,mini5-furious-l3-juggernaut-2027,furious,juggernaut,0,0,3,2027,False,encounter-defeated,6.9999999999999805,0,0,0,exploratory shared-context fixture,
followups,mini5-furious-l3-yuri-1007,furious,yuri,0,0,3,1007,False,encounter-defeated,6.766666666666648,0,0,0,exploratory shared-context fixture,
followups,mini5-furious-l3-yuri-2027,furious,yuri,0,0,3,2027,False,encounter-defeated,6.566666666666649,0,0,0,exploratory shared-context fixture,
followups,mini5-furious-l3-falva-1007,furious,falva,0,0,3,1007,False,encounter-defeated,6.766666666666648,0,0,0,exploratory shared-context fixture,
followups,mini5-furious-l3-falva-2027,furious,falva,0,0,3,2027,False,encounter-defeated,6.783333333333315,0,0,0,exploratory shared-context fixture,
followups,mini5-furious-l5-juggernaut-1007,furious,juggernaut,0,0,5,1007,False,encounter-defeated,4.849999999999988,0,0,0,exploratory shared-context fixture,
followups,mini5-furious-l5-juggernaut-2027,furious,juggernaut,0,0,5,2027,False,encounter-defeated,4.583333333333322,0,0,0,exploratory shared-context fixture,
followups,mini5-furious-l5-yuri-1007,furious,yuri,0,0,5,1007,False,encounter-defeated,4.599999999999989,0,0,0,exploratory shared-context fixture,
followups,mini5-furious-l5-yuri-2027,furious,yuri,0,0,5,2027,False,encounter-defeated,4.316666666666657,0,0,0,exploratory shared-context fixture,
followups,mini5-furious-l5-falva-1007,furious,falva,0,0,5,1007,False,encounter-defeated,4.599999999999989,0,0,0,exploratory shared-context fixture,
followups,mini5-furious-l5-falva-2027,furious,falva,0,0,5,2027,False,encounter-defeated,4.316666666666657,0,0,0,exploratory shared-context fixture,
followups,weapon-axel-0,normal,axel,0,7,3,2027,False,time-limit,20.000000000000146,0,0.37787139689578464,554.6999999999998,exploratory shared-context fixture,
followups,weapon-axel-1,normal,axel,1,1,3,2027,False,time-limit,20.000000000000146,0,0.551219512195122,550,exploratory shared-context fixture,
followups,weapon-axel-2,normal,axel,2,2,3,2027,False,time-limit,20.000000000000146,0,0.42261640798226163,550,exploratory shared-context fixture,
followups,weapon-axel-3,normal,axel,3,3,3,2027,False,time-limit,20.000000000000146,0,0.6119733924611973,797,exploratory shared-context fixture,
followups,weapon-axel-4,normal,axel,4,4,3,2027,False,time-limit,20.000000000000146,0,0.9707317073170731,57,exploratory shared-context fixture,
followups,weapon-axel-5,normal,axel,5,5,3,2027,False,time-limit,20.000000000000146,0,0.6849667405764932,420.59999999999775,exploratory shared-context fixture,
followups,weapon-axel-6,normal,axel,6,6,3,2027,False,time-limit,20.000000000000146,0,0.5433702882483391,578.3499999999999,exploratory shared-context fixture,
followups,weapon-axel-7,normal,axel,7,7,3,2027,False,time-limit,20.000000000000146,0,0.3757871396895762,554.6999999999998,exploratory shared-context fixture,
followups,weapon-axel-8,normal,axel,8,8,3,2027,False,time-limit,20.000000000000146,0,,57,EXCLUDE: locked/Yuri-only orb fixture; superseded by owned-yuri-8,
followups,weapon-decker-0,normal,decker,0,7,3,2027,False,time-limit,20.000000000000146,0,0.372195121951217,554.6999999999997,exploratory shared-context fixture,
followups,weapon-decker-1,normal,decker,1,1,3,2027,False,time-limit,20.000000000000146,0,0.5671840354767184,550,exploratory shared-context fixture,
followups,weapon-decker-2,normal,decker,2,2,3,2027,False,time-limit,20.000000000000146,0,0.3711751662971175,550,exploratory shared-context fixture,
followups,weapon-decker-3,normal,decker,3,3,3,2027,False,time-limit,20.000000000000146,0,0.6904656319290465,611,exploratory shared-context fixture,
followups,weapon-decker-4,normal,decker,4,4,3,2027,False,time-limit,20.000000000000146,0,0.9707317073170731,60,exploratory shared-context fixture,
followups,weapon-decker-5,normal,decker,5,5,3,2027,False,time-limit,20.000000000000146,0,0.6976496674057606,381.7999999999989,exploratory shared-context fixture,
followups,weapon-decker-6,normal,decker,6,6,3,2027,False,time-limit,20.000000000000146,0,0.5290022172949025,586.45,exploratory shared-context fixture,
followups,weapon-decker-7,normal,decker,7,7,3,2027,False,time-limit,20.000000000000146,0,0.3742793791574255,549.9999999999997,exploratory shared-context fixture,
followups,weapon-decker-8,normal,decker,8,8,3,2027,False,time-limit,20.000000000000146,0,,54,EXCLUDE: locked/Yuri-only orb fixture; superseded by owned-yuri-8,
followups,weapon-maverick-0,normal,maverick,0,7,3,2027,False,time-limit,20.000000000000146,0,0.3594678492239443,549.9999999999997,exploratory shared-context fixture,
followups,weapon-maverick-1,normal,maverick,1,1,3,2027,False,time-limit,20.000000000000146,0,0.5206208425720621,550,exploratory shared-context fixture,
followups,weapon-maverick-2,normal,maverick,2,2,3,2027,False,time-limit,20.000000000000146,0,0.3711751662971175,550,exploratory shared-context fixture,
followups,weapon-maverick-3,normal,maverick,3,3,3,2027,False,time-limit,20.000000000000146,0,0.8115388026607634,68.16000000000008,exploratory shared-context fixture,
followups,weapon-maverick-4,normal,maverick,4,4,3,2027,False,time-limit,20.000000000000146,0,0.9707317073170731,57,exploratory shared-context fixture,
followups,weapon-maverick-5,normal,maverick,5,5,3,2027,False,time-limit,20.000000000000146,0,0.6931263858093084,390.19999999999885,exploratory shared-context fixture,
followups,weapon-maverick-6,normal,maverick,6,6,3,2027,False,time-limit,20.000000000000146,0,0.48995565410199826,578.3499999999999,exploratory shared-context fixture,
followups,weapon-maverick-7,normal,maverick,7,7,3,2027,False,time-limit,20.000000000000146,0,0.3716186252771594,549.9999999999998,exploratory shared-context fixture,
followups,weapon-maverick-8,normal,maverick,8,8,3,2027,False,time-limit,20.000000000000146,0,,54,EXCLUDE: locked/Yuri-only orb fixture; superseded by owned-yuri-8,
followups,weapon-freezer-0,normal,freezer,0,7,3,2027,False,time-limit,20.000000000000146,0,0.40421286031041875,549.9999999999998,exploratory shared-context fixture,
followups,weapon-freezer-1,normal,freezer,1,1,3,2027,False,time-limit,20.000000000000146,0,0.5647893569844782,575.2000000000003,exploratory shared-context fixture,
followups,weapon-freezer-2,normal,freezer,2,2,3,2027,False,time-limit,20.000000000000146,0,0.4279379157427938,550,exploratory shared-context fixture,
followups,weapon-freezer-3,normal,freezer,3,3,3,2027,False,time-limit,20.000000000000146,0,0.6106430155210643,797,exploratory shared-context fixture,
followups,weapon-freezer-4,normal,freezer,4,4,3,2027,False,time-limit,20.000000000000146,0,0.9707317073170731,57,exploratory shared-context fixture,
followups,weapon-freezer-5,normal,freezer,5,5,3,2027,False,time-limit,20.000000000000146,0,0.6844345898004399,422.9999999999976,exploratory shared-context fixture,
followups,weapon-freezer-6,normal,freezer,6,6,3,2027,False,time-limit,20.000000000000146,0,0.5168957871396921,570.2500000000002,exploratory shared-context fixture,
followups,weapon-freezer-7,normal,freezer,7,7,3,2027,False,time-limit,20.000000000000146,0,0.40629711751662717,549.9999999999998,exploratory shared-context fixture,
followups,weapon-freezer-8,normal,freezer,8,8,3,2027,False,time-limit,20.000000000000146,0,,54,EXCLUDE: locked/Yuri-only orb fixture; superseded by owned-yuri-8,
followups,weapon-juggernaut-0,normal,juggernaut,0,7,3,2027,False,time-limit,20.000000000000146,0,0.3640354767184011,549.9999999999997,exploratory shared-context fixture,
followups,weapon-juggernaut-1,normal,juggernaut,1,1,3,2027,False,time-limit,20.000000000000146,0,0.5631929046563193,550,exploratory shared-context fixture,
followups,weapon-juggernaut-2,normal,juggernaut,2,2,3,2027,False,time-limit,20.000000000000146,0,0.4190687361419069,550,exploratory shared-context fixture,
followups,weapon-juggernaut-3,normal,juggernaut,3,3,3,2027,False,time-limit,20.000000000000146,0,0.6146341463414634,791,exploratory shared-context fixture,
followups,weapon-juggernaut-4,normal,juggernaut,4,4,3,2027,False,time-limit,20.000000000000146,0,0.9707317073170731,60,exploratory shared-context fixture,
followups,weapon-juggernaut-5,normal,juggernaut,5,5,3,2027,False,time-limit,20.000000000000146,0,0.6823059866962271,425.9999999999975,exploratory shared-context fixture,
followups,weapon-juggernaut-6,normal,juggernaut,6,6,3,2027,False,time-limit,20.000000000000146,0,0.5200221729490047,574.3,exploratory shared-context fixture,
followups,weapon-juggernaut-7,normal,juggernaut,7,7,3,2027,False,time-limit,20.000000000000146,0,0.3496674057649643,549.9999999999997,exploratory shared-context fixture,
followups,weapon-juggernaut-8,normal,juggernaut,8,8,3,2027,False,time-limit,20.000000000000146,0,,54,EXCLUDE: locked/Yuri-only orb fixture; superseded by owned-yuri-8,
followups,weapon-yuri-0,normal,yuri,0,7,3,2027,False,time-limit,20.000000000000146,0,0.3841241685144099,549.9999999999998,exploratory shared-context fixture,
followups,weapon-yuri-1,normal,yuri,1,1,3,2027,False,time-limit,20.000000000000146,0,0.5547671840354768,518,exploratory shared-context fixture,
followups,weapon-yuri-2,normal,yuri,2,2,3,2027,False,time-limit,20.000000000000146,0,0.3711751662971175,550,exploratory shared-context fixture,
followups,weapon-yuri-3,normal,yuri,3,3,3,2027,False,time-limit,20.000000000000146,0,0.6864745011086475,623,exploratory shared-context fixture,
followups,weapon-yuri-4,normal,yuri,4,4,3,2027,False,time-limit,20.000000000000146,0,0.9707317073170731,57,exploratory shared-context fixture,
followups,weapon-yuri-5,normal,yuri,5,5,3,2027,False,time-limit,20.000000000000146,0,0.692594235033255,381.79999999999865,exploratory shared-context fixture,
followups,weapon-yuri-6,normal,yuri,6,6,3,2027,False,time-limit,20.000000000000146,0,0.47784922394678775,582.3999999999996,exploratory shared-context fixture,
followups,weapon-yuri-7,normal,yuri,7,7,3,2027,False,time-limit,20.000000000000146,0,0.3737028824833678,554.6999999999998,exploratory shared-context fixture,
followups,weapon-yuri-8,normal,yuri,8,8,3,2027,False,time-limit,20.000000000000146,0,,57,EXCLUDE: locked/Yuri-only orb fixture; superseded by owned-yuri-8,
followups,weapon-lizzie-0,normal,lizzie,0,7,3,2027,False,time-limit,20.000000000000146,0,0.37011086474500865,549.9999999999997,exploratory shared-context fixture,
followups,weapon-lizzie-1,normal,lizzie,1,1,3,2027,False,time-limit,20.000000000000146,0,0.5631929046563193,550,exploratory shared-context fixture,
followups,weapon-lizzie-2,normal,lizzie,2,2,3,2027,False,time-limit,20.000000000000146,0,0.3711751662971175,550,exploratory shared-context fixture,
followups,weapon-lizzie-3,normal,lizzie,3,3,3,2027,False,time-limit,20.000000000000146,0,0.6093126385809312,800,exploratory shared-context fixture,
followups,weapon-lizzie-4,normal,lizzie,4,4,3,2027,False,time-limit,20.000000000000146,0,0.9707317073170731,60,exploratory shared-context fixture,
followups,weapon-lizzie-5,normal,lizzie,5,5,3,2027,False,time-limit,20.000000000000146,0,0.6971175166297073,379.39999999999895,exploratory shared-context fixture,
followups,weapon-lizzie-6,normal,lizzie,6,6,3,2027,False,time-limit,20.000000000000146,0,0.5146341463414659,574.2999999999998,exploratory shared-context fixture,
followups,weapon-lizzie-7,normal,lizzie,7,7,3,2027,False,time-limit,20.000000000000146,0,0.37011086474500865,554.6999999999997,exploratory shared-context fixture,
followups,weapon-lizzie-8,normal,lizzie,8,8,3,2027,False,time-limit,20.000000000000146,0,,60,EXCLUDE: locked/Yuri-only orb fixture; superseded by owned-yuri-8,
followups,weapon-falva-0,normal,falva,0,7,3,2027,False,time-limit,20.000000000000146,0,0.37995565410199306,559.3999999999999,exploratory shared-context fixture,
followups,weapon-falva-1,normal,falva,1,1,3,2027,False,time-limit,20.000000000000146,0,0.519290465631929,550,exploratory shared-context fixture,
followups,weapon-falva-2,normal,falva,2,2,3,2027,False,time-limit,20.000000000000146,0,0.37472283813747226,550,exploratory shared-context fixture,
followups,weapon-falva-3,normal,falva,3,3,3,2027,False,time-limit,20.000000000000146,0,0.6106430155210643,797,exploratory shared-context fixture,
followups,weapon-falva-4,normal,falva,4,4,3,2027,False,time-limit,20.000000000000146,0,0.9707317073170731,57,exploratory shared-context fixture,
followups,weapon-falva-5,normal,falva,5,5,3,2027,False,time-limit,20.000000000000146,0,0.6941906873614148,380.5999999999989,exploratory shared-context fixture,
followups,weapon-falva-6,normal,falva,6,6,3,2027,False,time-limit,20.000000000000146,0,0.48503325942350606,578.3499999999999,exploratory shared-context fixture,
followups,weapon-falva-7,normal,falva,7,7,3,2027,False,time-limit,20.000000000000146,0,0.37995565410199306,549.9999999999998,exploratory shared-context fixture,
followups,weapon-falva-8,normal,falva,8,8,3,2027,False,time-limit,20.000000000000146,0,,54,EXCLUDE: locked/Yuri-only orb fixture; superseded by owned-yuri-8,
followups,weapon-cole-0,normal,cole,0,7,3,2027,False,time-limit,20.000000000000146,0,0.44066518847006414,466.0999999999993,exploratory shared-context fixture,
followups,weapon-cole-1,normal,cole,1,1,3,2027,False,time-limit,20.000000000000146,0,0.5299334811529933,550,exploratory shared-context fixture,
followups,weapon-cole-2,normal,cole,2,2,3,2027,False,time-limit,20.000000000000146,0,0.3742793791574279,550,exploratory shared-context fixture,
followups,weapon-cole-3,normal,cole,3,3,3,2027,False,time-limit,20.000000000000146,0,0.6119733924611973,791,exploratory shared-context fixture,
followups,weapon-cole-4,normal,cole,4,4,3,2027,False,time-limit,20.000000000000146,0,0.9707317073170731,57,exploratory shared-context fixture,
followups,weapon-cole-5,normal,cole,5,5,3,2027,False,time-limit,20.000000000000146,0,0.6876274944567593,418.1999999999976,exploratory shared-context fixture,
followups,weapon-cole-6,normal,cole,6,6,3,2027,False,time-limit,20.000000000000146,0,0.5761197339246138,542.9000000000001,exploratory shared-context fixture,
followups,weapon-cole-7,normal,cole,7,7,3,2027,False,time-limit,20.000000000000146,0,0.43232815964523036,494.2999999999992,exploratory shared-context fixture,
followups,weapon-cole-8,normal,cole,8,8,3,2027,False,time-limit,20.000000000000146,0,,54,EXCLUDE: locked/Yuri-only orb fixture; superseded by owned-yuri-8,
followups,s4-easy-hp-0,easy,yuri,0,0,3,1007,False,time-limit,0.016666666666666666,0,1,0,configuration only,
followups,s4-easy-hp-1,easy,yuri,0,0,3,1007,True,time-limit,0.016666666666666666,0,1,0,configuration only,
followups,s4-normal-hp-0,normal,yuri,0,0,3,1007,False,time-limit,0.016666666666666666,0,1,0,configuration only,
followups,s4-normal-hp-1,normal,yuri,0,0,3,1007,True,time-limit,0.016666666666666666,0,1,0,configuration only,
followups,s4-hard-hp-0,hard,yuri,0,0,3,1007,False,time-limit,0.016666666666666666,0,1,0,configuration only,
followups,s4-hard-hp-1,hard,yuri,0,0,3,1007,True,time-limit,0.016666666666666666,0,1,0,configuration only,
followups,s4-furious-hp-0,furious,yuri,0,0,3,1007,False,time-limit,0.016666666666666666,0,1,0,configuration only,
followups,s4-furious-hp-1,furious,yuri,0,0,3,1007,True,time-limit,0.016666666666666666,0,1,0,configuration only,
followups,mini5-easy-hp-0,easy,yuri,0,0,3,1007,False,time-limit,0.016666666666666666,0,1,0,configuration only,
followups,mini5-easy-hp-1,easy,yuri,0,0,3,1007,True,time-limit,0.016666666666666666,0,1,0,configuration only,
followups,mini5-normal-hp-0,normal,yuri,0,0,3,1007,False,time-limit,0.016666666666666666,0,1,0,configuration only,
followups,mini5-normal-hp-1,normal,yuri,0,0,3,1007,True,time-limit,0.016666666666666666,0,1,0,configuration only,
followups,mini5-hard-hp-0,hard,yuri,0,0,3,1007,False,time-limit,0.016666666666666666,0,1,0,configuration only,
followups,mini5-hard-hp-1,hard,yuri,0,0,3,1007,True,time-limit,0.016666666666666666,0,1,0,configuration only,
followups,mini5-furious-hp-0,furious,yuri,0,0,3,1007,False,time-limit,0.016666666666666666,0,1,0,configuration only,
followups,mini5-furious-hp-1,furious,yuri,0,0,3,1007,True,time-limit,0.016666666666666666,0,1,0,configuration only,
followups,mini6-easy-hp-0,easy,yuri,0,7,3,1007,False,time-limit,0.016666666666666666,0,1,0,configuration only,
followups,mini6-easy-hp-1,easy,yuri,0,7,3,1007,True,time-limit,0.016666666666666666,0,1,0,configuration only,
followups,mini6-normal-hp-0,normal,yuri,0,7,3,1007,False,time-limit,0.016666666666666666,0,1,0,configuration only,
followups,mini6-normal-hp-1,normal,yuri,0,7,3,1007,True,time-limit,0.016666666666666666,0,1,0,configuration only,
followups,mini6-hard-hp-0,hard,yuri,0,7,3,1007,False,time-limit,0.016666666666666666,0,1,0,configuration only,
followups,mini6-hard-hp-1,hard,yuri,0,7,3,1007,True,time-limit,0.016666666666666666,0,1,0,configuration only,
followups,mini6-furious-hp-0,furious,yuri,0,7,3,1007,False,time-limit,0.016666666666666666,0,1,0,configuration only,
followups,mini6-furious-hp-1,furious,yuri,0,7,3,1007,True,time-limit,0.016666666666666666,0,1,0,configuration only,
followups,rebels-easy-hp-0,easy,yuri,0,7,3,1007,False,time-limit,0.016666666666666666,0,1,0,configuration only,
followups,rebels-easy-hp-1,easy,yuri,0,7,3,1007,True,time-limit,0.016666666666666666,0,1,0,configuration only,
followups,rebels-normal-hp-0,normal,yuri,0,7,3,1007,False,time-limit,0.016666666666666666,0,1,0,configuration only,
followups,rebels-normal-hp-1,normal,yuri,0,7,3,1007,True,time-limit,0.016666666666666666,0,1,0,configuration only,
followups,rebels-hard-hp-0,hard,yuri,0,7,3,1007,False,time-limit,0.016666666666666666,0,1,0,configuration only,
followups,rebels-hard-hp-1,hard,yuri,0,7,3,1007,True,time-limit,0.016666666666666666,0,1,0,configuration only,
followups,rebels-furious-hp-0,furious,yuri,0,7,3,1007,False,time-limit,0.016666666666666666,0,1,0,configuration only,
followups,rebels-furious-hp-1,furious,yuri,0,7,3,1007,True,time-limit,0.016666666666666666,0,1,0,configuration only,
followups,ace-easy-hp-0,easy,yuri,0,7,3,1007,False,time-limit,0.016666666666666666,0,1,0,configuration only,
followups,ace-easy-hp-1,easy,yuri,0,7,3,1007,True,time-limit,0.016666666666666666,0,1,0,configuration only,
followups,ace-normal-hp-0,normal,yuri,0,7,3,1007,False,time-limit,0.016666666666666666,0,1,0,configuration only,
followups,ace-normal-hp-1,normal,yuri,0,7,3,1007,True,time-limit,0.016666666666666666,0,1,0,configuration only,
followups,ace-hard-hp-0,hard,yuri,0,7,3,1007,False,time-limit,0.016666666666666666,0,1,0,configuration only,
followups,ace-hard-hp-1,hard,yuri,0,7,3,1007,True,time-limit,0.016666666666666666,0,1,0,configuration only,
followups,ace-furious-hp-0,furious,yuri,0,7,3,1007,False,time-limit,0.016666666666666666,0,1,0,configuration only,
followups,ace-furious-hp-1,furious,yuri,0,7,3,1007,True,time-limit,0.016666666666666666,0,1,0,configuration only,
followups,herald-easy-hp-0,easy,yuri,0,7,3,1007,False,time-limit,0.016666666666666666,0,1,0,configuration only,
followups,herald-easy-hp-1,easy,yuri,0,7,3,1007,True,time-limit,0.016666666666666666,0,1,0,configuration only,
followups,herald-normal-hp-0,normal,yuri,0,7,3,1007,False,time-limit,0.016666666666666666,0,1,0,configuration only,
followups,herald-normal-hp-1,normal,yuri,0,7,3,1007,True,time-limit,0.016666666666666666,0,1,0,configuration only,
followups,herald-hard-hp-0,hard,yuri,0,7,3,1007,False,time-limit,0.016666666666666666,0,1,0,configuration only,
followups,herald-hard-hp-1,hard,yuri,0,7,3,1007,True,time-limit,0.016666666666666666,0,1,0,configuration only,
followups,herald-furious-hp-0,furious,yuri,0,7,3,1007,False,time-limit,0.016666666666666666,0,1,0,configuration only,
followups,herald-furious-hp-1,furious,yuri,0,7,3,1007,True,time-limit,0.016666666666666666,0,1,0,configuration only,
followups,final-host-easy-hp-0,easy,yuri,0,7,3,1007,False,time-limit,0.016666666666666666,0,1,0,configuration only,
followups,final-host-easy-hp-1,easy,yuri,0,7,3,1007,True,time-limit,0.016666666666666666,0,1,0,configuration only,
followups,final-host-normal-hp-0,normal,yuri,0,7,3,1007,False,time-limit,0.016666666666666666,0,1,0,configuration only,
followups,final-host-normal-hp-1,normal,yuri,0,7,3,1007,True,time-limit,0.016666666666666666,0,1,0,configuration only,
followups,final-host-hard-hp-0,hard,yuri,0,7,3,1007,False,time-limit,0.016666666666666666,0,1,0,configuration only,
followups,final-host-hard-hp-1,hard,yuri,0,7,3,1007,True,time-limit,0.016666666666666666,0,1,0,configuration only,
followups,final-host-furious-hp-0,furious,yuri,0,7,3,1007,False,time-limit,0.016666666666666666,0,1,0,configuration only,
followups,final-host-furious-hp-1,furious,yuri,0,7,3,1007,True,time-limit,0.016666666666666666,0,1,0,configuration only,
followups,final-ghost-easy-hp-0,easy,yuri,0,7,3,1007,False,time-limit,0.016666666666666666,0,1,0,configuration only,
followups,final-ghost-easy-hp-1,easy,yuri,0,7,3,1007,True,time-limit,0.016666666666666666,0,1,0,configuration only,
followups,final-ghost-normal-hp-0,normal,yuri,0,7,3,1007,False,time-limit,0.016666666666666666,0,1,0,configuration only,
followups,final-ghost-normal-hp-1,normal,yuri,0,7,3,1007,True,time-limit,0.016666666666666666,0,1,0,configuration only,
followups,final-ghost-hard-hp-0,hard,yuri,0,7,3,1007,False,time-limit,0.016666666666666666,0,1,0,configuration only,
followups,final-ghost-hard-hp-1,hard,yuri,0,7,3,1007,True,time-limit,0.016666666666666666,0,1,0,configuration only,
followups,final-ghost-furious-hp-0,furious,yuri,0,7,3,1007,False,time-limit,0.016666666666666666,0,1,0,configuration only,
followups,final-ghost-furious-hp-1,furious,yuri,0,7,3,1007,True,time-limit,0.016666666666666666,0,1,0,configuration only,
followups,final-home-easy-hp-0,easy,yuri,0,7,3,1007,False,time-limit,0.016666666666666666,0,1,0,configuration only,
followups,final-home-easy-hp-1,easy,yuri,0,7,3,1007,True,time-limit,0.016666666666666666,0,1,0,configuration only,
followups,final-home-normal-hp-0,normal,yuri,0,7,3,1007,False,time-limit,0.016666666666666666,0,1,0,configuration only,
followups,final-home-normal-hp-1,normal,yuri,0,7,3,1007,True,time-limit,0.016666666666666666,0,1,0,configuration only,
followups,final-home-hard-hp-0,hard,yuri,0,7,3,1007,False,time-limit,0.016666666666666666,0,1,0,configuration only,
followups,final-home-hard-hp-1,hard,yuri,0,7,3,1007,True,time-limit,0.016666666666666666,0,1,0,configuration only,
followups,final-home-furious-hp-0,furious,yuri,0,7,3,1007,False,time-limit,0.016666666666666666,0,1,0,configuration only,
followups,final-home-furious-hp-1,furious,yuri,0,7,3,1007,True,time-limit,0.016666666666666666,0,1,0,configuration only,
followups,final-0-easy-hp-0,easy,yuri,0,7,3,1007,False,time-limit,0.016666666666666666,0,1,0,configuration only,
followups,final-0-easy-hp-1,easy,yuri,0,7,3,1007,True,time-limit,0.016666666666666666,0,1,0,configuration only,
followups,final-0-normal-hp-0,normal,yuri,0,7,3,1007,False,time-limit,0.016666666666666666,0,1,0,configuration only,
followups,final-0-normal-hp-1,normal,yuri,0,7,3,1007,True,time-limit,0.016666666666666666,0,1,0,configuration only,
followups,final-0-hard-hp-0,hard,yuri,0,7,3,1007,False,time-limit,0.016666666666666666,0,1,0,configuration only,
followups,final-0-hard-hp-1,hard,yuri,0,7,3,1007,True,time-limit,0.016666666666666666,0,1,0,configuration only,
followups,final-0-furious-hp-0,furious,yuri,0,7,3,1007,False,time-limit,0.016666666666666666,0,1,0,configuration only,
followups,final-0-furious-hp-1,furious,yuri,0,7,3,1007,True,time-limit,0.016666666666666666,0,1,0,configuration only,
followups,final-1-easy-hp-0,easy,yuri,0,7,3,1007,False,time-limit,0.016666666666666666,0,1,0,configuration only,
followups,final-1-easy-hp-1,easy,yuri,0,7,3,1007,True,time-limit,0.016666666666666666,0,1,0,configuration only,
followups,final-1-normal-hp-0,normal,yuri,0,7,3,1007,False,time-limit,0.016666666666666666,0,1,0,configuration only,
followups,final-1-normal-hp-1,normal,yuri,0,7,3,1007,True,time-limit,0.016666666666666666,0,1,0,configuration only,
followups,final-1-hard-hp-0,hard,yuri,0,7,3,1007,False,time-limit,0.016666666666666666,0,1,0,configuration only,
followups,final-1-hard-hp-1,hard,yuri,0,7,3,1007,True,time-limit,0.016666666666666666,0,1,0,configuration only,
followups,final-1-furious-hp-0,furious,yuri,0,7,3,1007,False,time-limit,0.016666666666666666,0,1,0,configuration only,
followups,final-1-furious-hp-1,furious,yuri,0,7,3,1007,True,time-limit,0.016666666666666666,0,1,0,configuration only,
followups,final-2-easy-hp-0,easy,yuri,0,7,3,1007,False,time-limit,0.016666666666666666,0,1,0,configuration only,
followups,final-2-easy-hp-1,easy,yuri,0,7,3,1007,True,time-limit,0.016666666666666666,0,1,0,configuration only,
followups,final-2-normal-hp-0,normal,yuri,0,7,3,1007,False,time-limit,0.016666666666666666,0,1,0,configuration only,
followups,final-2-normal-hp-1,normal,yuri,0,7,3,1007,True,time-limit,0.016666666666666666,0,1,0,configuration only,
followups,final-2-hard-hp-0,hard,yuri,0,7,3,1007,False,time-limit,0.016666666666666666,0,1,0,configuration only,
followups,final-2-hard-hp-1,hard,yuri,0,7,3,1007,True,time-limit,0.016666666666666666,0,1,0,configuration only,
followups,final-2-furious-hp-0,furious,yuri,0,7,3,1007,False,time-limit,0.016666666666666666,0,1,0,configuration only,
followups,final-2-furious-hp-1,furious,yuri,0,7,3,1007,True,time-limit,0.016666666666666666,0,1,0,configuration only,
followups,final-3-easy-hp-0,easy,yuri,0,7,3,1007,False,time-limit,0.016666666666666666,0,1,0,configuration only,
followups,final-3-easy-hp-1,easy,yuri,0,7,3,1007,True,time-limit,0.016666666666666666,0,1,0,configuration only,
followups,final-3-normal-hp-0,normal,yuri,0,7,3,1007,False,time-limit,0.016666666666666666,0,1,0,configuration only,
followups,final-3-normal-hp-1,normal,yuri,0,7,3,1007,True,time-limit,0.016666666666666666,0,1,0,configuration only,
followups,final-3-hard-hp-0,hard,yuri,0,7,3,1007,False,time-limit,0.016666666666666666,0,1,0,configuration only,
followups,final-3-hard-hp-1,hard,yuri,0,7,3,1007,True,time-limit,0.016666666666666666,0,1,0,configuration only,
followups,final-3-furious-hp-0,furious,yuri,0,7,3,1007,False,time-limit,0.016666666666666666,0,1,0,configuration only,
followups,final-3-furious-hp-1,furious,yuri,0,7,3,1007,True,time-limit,0.016666666666666666,0,1,0,configuration only,
followups,final-4-easy-hp-0,easy,yuri,0,7,3,1007,False,time-limit,0.016666666666666666,0,1,0,configuration only,
followups,final-4-easy-hp-1,easy,yuri,0,7,3,1007,True,time-limit,0.016666666666666666,0,1,0,configuration only,
followups,final-4-normal-hp-0,normal,yuri,0,7,3,1007,False,time-limit,0.016666666666666666,0,1,0,configuration only,
followups,final-4-normal-hp-1,normal,yuri,0,7,3,1007,True,time-limit,0.016666666666666666,0,1,0,configuration only,
followups,final-4-hard-hp-0,hard,yuri,0,7,3,1007,False,time-limit,0.016666666666666666,0,1,0,configuration only,
followups,final-4-hard-hp-1,hard,yuri,0,7,3,1007,True,time-limit,0.016666666666666666,0,1,0,configuration only,
followups,final-4-furious-hp-0,furious,yuri,0,7,3,1007,False,time-limit,0.016666666666666666,0,1,0,configuration only,
followups,final-4-furious-hp-1,furious,yuri,0,7,3,1007,True,time-limit,0.016666666666666666,0,1,0,configuration only,
followups,final-5-easy-hp-0,easy,yuri,0,7,3,1007,False,time-limit,0.016666666666666666,0,1,0,configuration only,
followups,final-5-easy-hp-1,easy,yuri,0,7,3,1007,True,time-limit,0.016666666666666666,0,1,0,configuration only,
followups,final-5-normal-hp-0,normal,yuri,0,7,3,1007,False,time-limit,0.016666666666666666,0,1,0,configuration only,
followups,final-5-normal-hp-1,normal,yuri,0,7,3,1007,True,time-limit,0.016666666666666666,0,1,0,configuration only,
followups,final-5-hard-hp-0,hard,yuri,0,7,3,1007,False,time-limit,0.016666666666666666,0,1,0,configuration only,
followups,final-5-hard-hp-1,hard,yuri,0,7,3,1007,True,time-limit,0.016666666666666666,0,1,0,configuration only,
followups,final-5-furious-hp-0,furious,yuri,0,7,3,1007,False,time-limit,0.016666666666666666,0,1,0,configuration only,
followups,final-5-furious-hp-1,furious,yuri,0,7,3,1007,True,time-limit,0.016666666666666666,0,1,0,configuration only,
followups,final-6-easy-hp-0,easy,yuri,0,7,3,1007,False,time-limit,0.016666666666666666,0,1,0,configuration only,
followups,final-6-easy-hp-1,easy,yuri,0,7,3,1007,True,time-limit,0.016666666666666666,0,1,0,configuration only,
followups,final-6-normal-hp-0,normal,yuri,0,7,3,1007,False,time-limit,0.016666666666666666,0,1,0,configuration only,
followups,final-6-normal-hp-1,normal,yuri,0,7,3,1007,True,time-limit,0.016666666666666666,0,1,0,configuration only,
followups,final-6-hard-hp-0,hard,yuri,0,7,3,1007,False,time-limit,0.016666666666666666,0,1,0,configuration only,
followups,final-6-hard-hp-1,hard,yuri,0,7,3,1007,True,time-limit,0.016666666666666666,0,1,0,configuration only,
followups,final-6-furious-hp-0,furious,yuri,0,7,3,1007,False,time-limit,0.016666666666666666,0,1,0,configuration only,
followups,final-6-furious-hp-1,furious,yuri,0,7,3,1007,True,time-limit,0.016666666666666666,0,1,0,configuration only,
followups,final-7-easy-hp-0,easy,yuri,0,7,3,1007,False,time-limit,0.016666666666666666,0,1,0,configuration only,
followups,final-7-easy-hp-1,easy,yuri,0,7,3,1007,True,time-limit,0.016666666666666666,0,1,0,configuration only,
followups,final-7-normal-hp-0,normal,yuri,0,7,3,1007,False,time-limit,0.016666666666666666,0,1,0,configuration only,
followups,final-7-normal-hp-1,normal,yuri,0,7,3,1007,True,time-limit,0.016666666666666666,0,1,0,configuration only,
followups,final-7-hard-hp-0,hard,yuri,0,7,3,1007,False,time-limit,0.016666666666666666,0,1,0,configuration only,
followups,final-7-hard-hp-1,hard,yuri,0,7,3,1007,True,time-limit,0.016666666666666666,0,1,0,configuration only,
followups,final-7-furious-hp-0,furious,yuri,0,7,3,1007,False,time-limit,0.016666666666666666,0,1,0,configuration only,
followups,final-7-furious-hp-1,furious,yuri,0,7,3,1007,True,time-limit,0.016666666666666666,0,1,0,configuration only,
followups,final-8-easy-hp-0,easy,yuri,0,7,3,1007,False,time-limit,0.016666666666666666,0,1,66,configuration only,
followups,final-8-easy-hp-1,easy,yuri,0,7,3,1007,True,time-limit,0.016666666666666666,0,1,66,configuration only,
followups,final-8-normal-hp-0,normal,yuri,0,7,3,1007,False,time-limit,0.016666666666666666,0,1,38,configuration only,
followups,final-8-normal-hp-1,normal,yuri,0,7,3,1007,True,time-limit,0.016666666666666666,0,1,38,configuration only,
followups,final-8-hard-hp-0,hard,yuri,0,7,3,1007,False,time-limit,0.016666666666666666,0,1,23,configuration only,
followups,final-8-hard-hp-1,hard,yuri,0,7,3,1007,True,time-limit,0.016666666666666666,0,1,23,configuration only,
followups,final-8-furious-hp-0,furious,yuri,0,7,3,1007,False,time-limit,0.016666666666666666,0,1,9,configuration only,
followups,final-8-furious-hp-1,furious,yuri,0,7,3,1007,True,time-limit,0.016666666666666666,0,1,9,configuration only,
followups,recovery-s4-easy-0,easy,juggernaut,0,0,3,3037,False,time-limit,45.016666666665394,2,0.75,327,exploratory shared-context fixture,
followups,recovery-s4-easy-1,easy,juggernaut,0,0,3,3037,False,time-limit,45.016666666665394,2,0.9521780303030303,97,exploratory shared-context fixture,
followups,recovery-s4-normal-0,normal,juggernaut,0,0,3,3037,False,time-limit,45.016666666665394,4,0.9111570247933884,121,exploratory shared-context fixture,followups/recovery-s4-normal-0.png
followups,recovery-s4-normal-1,normal,juggernaut,0,0,3,3037,False,time-limit,45.016666666665394,3,0.9235537190082644,242,exploratory shared-context fixture,followups/recovery-s4-normal-1.png
followups,recovery-s4-hard-0,hard,juggernaut,0,0,3,3037,False,continue,37.74999999999914,4,0.9235537190082644,240,exploratory shared-context fixture,
followups,recovery-s4-hard-1,hard,juggernaut,0,0,3,3037,False,time-limit,45.016666666665394,2,0.9766528925619835,113,exploratory shared-context fixture,
followups,recovery-s4-furious-0,furious,juggernaut,0,0,3,3037,False,continue,39.949999999999015,4,0.9760489510489511,79,exploratory shared-context fixture,
followups,recovery-s4-furious-1,furious,juggernaut,0,0,3,3037,False,continue,37.04999999999918,3,0.9856643356643356,22,exploratory shared-context fixture,
followups,recovery-mini6-easy-0,easy,juggernaut,0,7,3,3037,False,encounter-defeated,10.200000000000086,0,0,166.09999999999997,exploratory shared-context fixture,
followups,recovery-mini6-easy-1,easy,juggernaut,0,0,3,3037,False,encounter-defeated,37.39999999999916,0,0,286.0000000000003,exploratory shared-context fixture,
followups,recovery-mini6-normal-0,normal,juggernaut,0,7,3,3037,False,encounter-defeated,25.016666666666527,0,0,549.9999999999997,exploratory shared-context fixture,
followups,recovery-mini6-normal-1,normal,juggernaut,0,0,3,3037,False,time-limit,45.016666666665394,0,0.48257206208425996,550.0000000000002,exploratory shared-context fixture,
followups,recovery-mini6-hard-0,hard,juggernaut,0,7,3,3037,False,encounter-defeated,30.133333333332903,0,0,654.700000000001,exploratory shared-context fixture,
followups,recovery-mini6-hard-1,hard,juggernaut,0,0,3,3037,False,time-limit,45.016666666665394,0,0.5789898610589578,654.0499999999992,exploratory shared-context fixture,
followups,recovery-mini6-furious-0,furious,juggernaut,0,7,3,3037,False,encounter-defeated,37.68333333333248,0,0,748.7000000000019,exploratory shared-context fixture,
followups,recovery-mini6-furious-1,furious,juggernaut,0,0,3,3037,False,time-limit,45.016666666665394,0,0.6125984251968517,722.6999999999987,exploratory shared-context fixture,
followups,recovery-herald-easy-0,easy,juggernaut,0,7,3,3037,False,encounter-defeated,16.150000000000365,0,0,616.0000000000008,exploratory shared-context fixture,
followups,recovery-herald-easy-1,easy,juggernaut,0,0,3,3037,False,encounter-defeated,33.016666666666076,0,0,534.6499999999994,exploratory shared-context fixture,
followups,recovery-herald-normal-0,normal,juggernaut,0,7,3,3037,False,encounter-defeated,33.29999999999939,0,0,1125.4999999999955,exploratory shared-context fixture,
followups,recovery-herald-normal-1,normal,juggernaut,0,0,3,3037,False,time-limit,45.016666666665394,2,0.5109978540772446,1060.6500000000024,exploratory shared-context fixture,
followups,recovery-herald-hard-0,hard,juggernaut,0,7,3,3037,False,time-limit,45.016666666665394,2,0.6062113821138171,1030.699999999989,exploratory shared-context fixture,
followups,recovery-herald-hard-1,hard,juggernaut,0,0,3,3037,False,time-limit,45.016666666665394,1,0.719365853658526,818.100000000004,exploratory shared-context fixture,
followups,recovery-herald-furious-0,furious,juggernaut,0,7,3,3037,False,continue,34.733333333332645,4,0.6609383599339499,1172.200000000019,exploratory shared-context fixture,
followups,recovery-herald-furious-1,furious,juggernaut,0,0,3,3037,False,time-limit,45.016666666665394,1,0.5306824435883306,1651.000000000005,exploratory shared-context fixture,
followups,recovery-final-host-easy-0,easy,juggernaut,0,7,3,3037,False,phase-depleted,17.33333333333363,1,0,1632.000000000001,exploratory shared-context fixture,
followups,recovery-final-host-easy-1,easy,juggernaut,0,0,3,3037,False,phase-depleted,36.46666666666588,1,0,1631.9999999999923,exploratory shared-context fixture,
followups,recovery-final-host-normal-0,normal,juggernaut,0,7,3,3037,False,time-limit,45.016666666665394,4,0.513576923076925,2016.4499999999884,exploratory shared-context fixture,
followups,recovery-final-host-normal-1,normal,juggernaut,0,0,3,3037,False,time-limit,45.016666666665394,2,0.5051730769230711,2222.5500000000156,exploratory shared-context fixture,
followups,recovery-final-host-hard-0,hard,juggernaut,0,7,3,3037,False,time-limit,45.016666666665394,3,0.5591969696969605,2508.4500000000444,exploratory shared-context fixture,
followups,recovery-final-host-hard-1,hard,juggernaut,0,0,3,3037,False,continue,42.633333333332196,3,0.653090909090895,2030.4000000000397,exploratory shared-context fixture,
followups,recovery-final-host-furious-0,furious,juggernaut,0,7,3,3037,False,time-limit,45.016666666665394,3,0.6215853658536483,2635.000000000042,exploratory shared-context fixture,
followups,recovery-final-host-furious-1,furious,juggernaut,0,0,3,3037,False,continue,28.333333333333005,3,0.7908048780487719,1626.3000000000275,exploratory shared-context fixture,
followups,recovery-ace-easy-0,easy,juggernaut,0,7,3,3037,False,encounter-defeated,25.533333333333164,0,0,0,exploratory shared-context fixture,
followups,recovery-ace-easy-1,easy,juggernaut,0,0,3,3037,False,time-limit,45.016666666665394,0,0.42886600830434674,0,exploratory shared-context fixture,
followups,recovery-ace-normal-0,normal,juggernaut,0,7,3,3037,False,time-limit,45.016666666665394,1,0.6927524042756559,0,exploratory shared-context fixture,
followups,recovery-ace-normal-1,normal,juggernaut,0,0,3,3037,False,time-limit,45.016666666665394,1,0.7294947038477188,0,exploratory shared-context fixture,
followups,recovery-ace-hard-0,hard,juggernaut,0,7,3,3037,False,time-limit,45.016666666665394,3,0.6422260471000822,0,exploratory shared-context fixture,
followups,recovery-ace-hard-1,hard,juggernaut,0,0,3,3037,False,continue,40.7833333333323,3,0.79032316078207,0,exploratory shared-context fixture,
followups,recovery-ace-furious-0,furious,juggernaut,0,7,3,3037,False,continue,35.01666666666596,4,0.8574326469142721,0,exploratory shared-context fixture,
followups,recovery-ace-furious-1,furious,juggernaut,0,0,3,3037,False,continue,41.64999999999892,3,0.8428597806442832,0,exploratory shared-context fixture,
followups,pools-final-host-easy,easy,yuri,0,7,3,1007,False,phase-depleted,22.16666666666669,1,0,1579.6499999999974,exploratory shared-context fixture,
followups,pools-final-host-normal,normal,yuri,0,7,3,1007,False,time-limit,60.01666666666454,4,0.22759615384615856,2944.2500000000255,exploratory shared-context fixture,
followups,pools-final-host-hard,hard,yuri,0,7,3,1007,False,continue,42.69999999999886,4,0.5772424242424178,2455.4500000000317,exploratory shared-context fixture,
followups,pools-final-host-furious,furious,yuri,0,7,3,1007,False,continue,40.766666666665635,4,0.727475609756091,1909.7500000000211,exploratory shared-context fixture,
followups,pools-final-ghost-easy,easy,yuri,0,7,3,1007,False,phase-depleted,34.183333333332676,2,0,2109.449999999991,exploratory shared-context fixture,
followups,pools-final-ghost-normal,normal,yuri,0,7,3,1007,False,time-limit,60.01666666666454,4,0.15857859531774257,4190.850000000052,exploratory shared-context fixture,
followups,pools-final-ghost-hard,hard,yuri,0,7,3,1007,False,continue,35.666666666665925,4,0.6680500658761445,2226.000000000028,exploratory shared-context fixture,
followups,pools-final-ghost-furious,furious,yuri,0,7,3,1007,False,continue,36.716666666665866,4,0.698515376458107,2519.800000000021,exploratory shared-context fixture,
followups,pools-final-home-easy,easy,yuri,0,7,3,1007,False,form-transition,35.76666666666592,2,0.8403846153846154,1881.4999999999877,exploratory shared-context fixture,
followups,pools-final-home-normal,normal,yuri,0,7,3,1007,False,form-transition,31.416666666666163,3,0.8118343195266272,1751.5500000000295,exploratory shared-context fixture,
followups,pools-final-home-hard,hard,yuri,0,7,3,1007,False,continue,29.266666666666286,4,0.7571678321678265,1514.7000000000203,exploratory shared-context fixture,
followups,pools-final-home-furious,furious,yuri,0,7,3,1007,False,continue,29.48333333333294,4,0.7929080675422089,1537.7000000000226,exploratory shared-context fixture,
followups,pools-final-0-easy,easy,yuri,0,7,3,1007,False,phase-depleted,14.866666666666985,0,0,1910.7000000000069,exploratory shared-context fixture,
followups,pools-final-0-normal,normal,yuri,0,7,3,1007,False,form-transition,19.650000000000166,0,0.4333727810651019,2869.1999999999475,exploratory shared-context fixture,
followups,pools-final-0-hard,hard,yuri,0,7,3,1007,False,form-transition,23.516666666666612,1,0.650594405594412,2101.6999999999753,exploratory shared-context fixture,
followups,pools-final-0-furious,furious,yuri,0,7,3,1007,False,form-transition,23.066666666666638,1,0.7393527204502868,1938.4499999999744,exploratory shared-context fixture,
followups,pools-final-1-easy,easy,yuri,0,7,3,1007,False,form-transition,38.88333333333241,2,0.25629290617848677,1369.5500000000013,exploratory shared-context fixture,
followups,pools-final-1-normal,normal,yuri,0,7,3,1007,False,form-transition,38.38333333333244,3,0.5058855685131258,1970.1999999999853,exploratory shared-context fixture,
followups,pools-final-1-hard,hard,yuri,0,7,3,1007,False,form-transition,43.19999999999883,3,0.6135520212061023,1535.7499999999827,exploratory shared-context fixture,
followups,pools-final-1-furious,furious,yuri,0,7,3,1007,False,continue,46.033333333332,4,0.5219091673675409,2079.349999999982,exploratory shared-context fixture,
followups,pools-final-2-easy,easy,yuri,0,7,3,1007,False,form-transition,39.0333333333324,5,0.40207659115426525,1818.5999999999872,exploratory shared-context fixture,
followups,pools-final-2-normal,normal,yuri,0,7,3,1007,False,form-transition,43.799999999998796,3,0.5964092664092533,2728.6500000000506,exploratory shared-context fixture,
followups,pools-final-2-hard,hard,yuri,0,7,3,1007,False,form-transition,43.49999999999881,3,0.6870004120313067,2831.4500000000326,exploratory shared-context fixture,
followups,pools-final-2-furious,furious,yuri,0,7,3,1007,False,continue,56.34999999999808,4,0.5880051505546608,3583.950000000081,exploratory shared-context fixture,
followups,pools-final-3-easy,easy,yuri,0,7,3,1007,False,phase-depleted,41.71666666666558,1,0,3683.8500000000327,exploratory shared-context fixture,
followups,pools-final-3-normal,normal,yuri,0,7,3,1007,False,form-transition,52.216666666664985,3,0.6292508417508323,2795.750000000051,exploratory shared-context fixture,
followups,pools-final-3-hard,hard,yuri,0,7,3,1007,False,form-transition,51.76666666666501,3,0.6879165264220752,2736.350000000025,exploratory shared-context fixture,
followups,pools-final-3-furious,furious,yuri,0,7,3,1007,False,continue,37.16666666666584,4,0.809202279202275,2055.3000000000225,exploratory shared-context fixture,
followups,pools-final-4-easy,easy,yuri,0,7,3,1007,False,form-transition,50.266666666665095,5,0.46287878787878406,2023.950000000011,exploratory shared-context fixture,
followups,pools-final-4-normal,normal,yuri,0,7,3,1007,False,form-transition,49.299999999998484,5,0.7096676997245105,2928.099999999997,exploratory shared-context fixture,
followups,pools-final-4-hard,hard,yuri,0,7,3,1007,False,continue,32.88333333333275,4,0.8483815426997214,1305.2000000000214,exploratory shared-context fixture,
followups,pools-final-4-furious,furious,yuri,0,7,3,1007,False,continue,33.333333333332725,4,0.8737470862470804,1287.7000000000487,exploratory shared-context fixture,
followups,pools-final-5-easy,easy,yuri,0,7,3,1007,False,form-transition,57.583333333331346,2,0.14585858585859754,3102.0000000000164,exploratory shared-context fixture,
followups,pools-final-5-normal,normal,yuri,0,7,3,1007,False,form-transition,52.81666666666495,1,0.39665889665891324,4969.29999999993,exploratory shared-context fixture,
followups,pools-final-5-hard,hard,yuri,0,7,3,1007,False,continue,40.86666666666563,4,0.8186398139079293,1770.4000000000312,exploratory shared-context fixture,
followups,pools-final-5-furious,furious,yuri,0,7,3,1007,False,time-limit,60.01666666666454,4,0.806321442648819,2678.3999999997877,exploratory shared-context fixture,
followups,pools-final-6-easy,easy,yuri,0,7,3,1007,False,phase-depleted,30.666666666666206,0,0,4522.0999999999685,exploratory shared-context fixture,
followups,pools-final-6-normal,normal,yuri,0,7,3,1007,False,form-transition,52.216666666664985,0,0.1875111375111625,8841.299999999737,exploratory shared-context fixture,
followups,pools-final-6-hard,hard,yuri,0,7,3,1007,False,continue,34.033333333332685,4,0.7706831375725689,2634.2999999999965,exploratory shared-context fixture,
followups,pools-final-6-furious,furious,yuri,0,7,3,1007,False,continue,45.06666666666539,4,0.7446253141420962,3727.6000000001213,exploratory shared-context fixture,
followups,pools-final-7-easy,easy,yuri,0,7,3,1007,False,form-transition,43.19999999999883,3,0.5626725838264315,2517.650000000004,exploratory shared-context fixture,
followups,pools-final-7-normal,normal,yuri,0,7,3,1007,False,form-transition,42.19999999999889,3,0.7627825618945081,3216.6499999999996,exploratory shared-context fixture,
followups,pools-final-7-hard,hard,yuri,0,7,3,1007,False,continue,36.51666666666588,4,0.8191005594606204,2149.7000000000107,exploratory shared-context fixture,
followups,pools-final-7-furious,furious,yuri,0,7,3,1007,False,continue,26.149999999999796,4,0.8964769647696484,1456.5999999999913,exploratory shared-context fixture,
followups,pools-final-8-easy,easy,yuri,0,7,3,1007,False,form-transition,39.26666666666572,1,0.5185631313131358,1558.2174999999863,exploratory shared-context fixture,
followups,pools-final-8-normal,normal,yuri,0,7,3,1007,False,form-transition,39.26666666666572,4,1,3093,exploratory shared-context fixture,
followups,pools-final-8-hard,hard,yuri,0,7,3,1007,False,form-transition,39.26666666666572,2,1,3957.7,exploratory shared-context fixture,
followups,pools-final-8-furious,furious,yuri,0,7,3,1007,False,form-transition,45.26666666666538,4,1,4899.9,exploratory shared-context fixture,
followups,sequence-easy,easy,falva,0,7,5,3037,False,continue,124.94999999999419,8,,5641.500000000112,phase health fraction excluded after pool switch,followups/sequence-easy.png
followups,sequence-normal,normal,falva,0,7,5,3037,False,continue,85.74999999999642,6,,3559.2500000000623,phase health fraction excluded after pool switch,followups/sequence-normal.png
followups,sequence-hard,hard,falva,0,7,5,3037,False,continue,52.916666666664945,4,,3066.3000000000775,phase health fraction excluded after pool switch,followups/sequence-hard.png
followups,sequence-furious,furious,falva,0,7,5,3037,False,continue,54.44999999999819,4,,3352.650000000088,phase health fraction excluded after pool switch,followups/sequence-furious.png
followups,repeat-0,normal,yuri,0,0,3,9876,False,encounter-defeated,5.049999999999987,0,0,0,exploratory shared-context fixture,
followups,repeat-1,normal,yuri,0,0,3,9876,False,encounter-defeated,4.766666666666655,0,0,0,exploratory shared-context fixture,
stages,stage-1-easy,easy,yuri,,,,,,play,120.0,0,,,bounded wave sample; legacy input controller,
stages,stage-2-easy,easy,yuri,,,,,,continue,111.73333333333333,8,,,bounded wave sample; legacy input controller,
stages,stage-3-easy,easy,yuri,,,,,,play,120.0,3,,,bounded wave sample; legacy input controller,
stages,stage-4-easy,easy,yuri,,,,,,play,120.0,3,,,bounded wave sample; legacy input controller,
stages,stage-5-easy,easy,yuri,,,,,,play,120.0,4,,,bounded wave sample; legacy input controller,
stages,stage-6-easy,easy,yuri,,,,,,play,120.0,2,,,bounded wave sample; legacy input controller,
stages,stage-7-easy,easy,yuri,,,,,,play,120.0,0,,,bounded wave sample; legacy input controller,
stages,stage-8-easy,easy,yuri,,,,,,play,120.0,0,,,bounded wave sample; legacy input controller,
stages,stage-9-easy,easy,yuri,,,,,,play,120.0,2,,,bounded wave sample; legacy input controller,
stages,stage-1-normal,normal,yuri,,,,,,continue,101.8,6,,,bounded wave sample; legacy input controller,
stages,stage-2-normal,normal,yuri,,,,,,continue,99.25,6,,,bounded wave sample; legacy input controller,
stages,stage-3-normal,normal,yuri,,,,,,play,120.0,4,,,bounded wave sample; legacy input controller,
stages,stage-4-normal,normal,yuri,,,,,,continue,95.93333333333334,6,,,bounded wave sample; legacy input controller,
stages,stage-5-normal,normal,yuri,,,,,,play,120.0,4,,,bounded wave sample; legacy input controller,
stages,stage-6-normal,normal,yuri,,,,,,play,120.0,2,,,bounded wave sample; legacy input controller,
stages,stage-7-normal,normal,yuri,,,,,,play,120.0,3,,,bounded wave sample; legacy input controller,
stages,stage-8-normal,normal,yuri,,,,,,play,120.0,3,,,bounded wave sample; legacy input controller,
stages,stage-9-normal,normal,yuri,,,,,,play,120.0,2,,,bounded wave sample; legacy input controller,
stages,stage-1-hard,hard,yuri,,,,,,continue,101.53333333333333,4,,,bounded wave sample; legacy input controller,
stages,stage-2-hard,hard,yuri,,,,,,continue,35.53333333333333,4,,,bounded wave sample; legacy input controller,
stages,stage-3-hard,hard,yuri,,,,,,play,120.0,2,,,bounded wave sample; legacy input controller,
stages,stage-4-hard,hard,yuri,,,,,,continue,86.1,4,,,bounded wave sample; legacy input controller,
stages,stage-5-hard,hard,yuri,,,,,,play,120.0,4,,,bounded wave sample; legacy input controller,
stages,stage-6-hard,hard,yuri,,,,,,play,120.0,3,,,bounded wave sample; legacy input controller,
stages,stage-7-hard,hard,yuri,,,,,,play,120.0,3,,,bounded wave sample; legacy input controller,
stages,stage-8-hard,hard,yuri,,,,,,continue,59.25,4,,,bounded wave sample; legacy input controller,
stages,stage-9-hard,hard,yuri,,,,,,play,120.0,1,,,bounded wave sample; legacy input controller,
stages,stage-1-furious,furious,yuri,,,,,,continue,109.63333333333334,4,,,bounded wave sample; legacy input controller,
stages,stage-2-furious,furious,yuri,,,,,,continue,55.016666666666666,4,,,bounded wave sample; legacy input controller,
stages,stage-3-furious,furious,yuri,,,,,,play,120.0,3,,,bounded wave sample; legacy input controller,
stages,stage-4-furious,furious,yuri,,,,,,continue,88.9,4,,,bounded wave sample; legacy input controller,
stages,stage-5-furious,furious,yuri,,,,,,continue,117.85,4,,,bounded wave sample; legacy input controller,
stages,stage-6-furious,furious,yuri,,,,,,play,120.0,4,,,bounded wave sample; legacy input controller,
stages,stage-7-furious,furious,yuri,,,,,,play,120.0,3,,,bounded wave sample; legacy input controller,
stages,stage-8-furious,furious,yuri,,,,,,continue,54.93333333333333,4,,,bounded wave sample; legacy input controller,
stages,stage-9-furious,furious,yuri,,,,,,play,120.0,5,,,bounded wave sample; legacy input controller,
confirmations,native-mini5-easy-l0-juggernaut-1007,easy,juggernaut,0,0,0,1007,False,encounter-defeated,8.633333333333342,0,0,0,exploratory shared-context fixture,confirmations/native-mini5-easy-l0-juggernaut-1007.png
confirmations,native-mini5-easy-l0-juggernaut-2027,easy,juggernaut,0,0,0,2027,False,encounter-defeated,8.98333333333336,0,0,0,exploratory shared-context fixture,
confirmations,native-mini5-easy-l0-yuri-1007,easy,yuri,0,0,0,1007,False,encounter-defeated,8.216666666666654,0,0,0,exploratory shared-context fixture,
confirmations,native-mini5-easy-l0-yuri-2027,easy,yuri,0,0,0,2027,False,encounter-defeated,8.216666666666654,0,0,0,exploratory shared-context fixture,
confirmations,native-mini5-easy-l3-juggernaut-1007,easy,juggernaut,0,0,3,1007,False,encounter-defeated,4.649999999999989,0,0,0,exploratory shared-context fixture,
confirmations,native-mini5-easy-l3-juggernaut-2027,easy,juggernaut,0,0,3,2027,False,encounter-defeated,4.383333333333323,0,0,0,exploratory shared-context fixture,
confirmations,native-mini5-easy-l3-yuri-1007,easy,yuri,0,0,3,1007,False,encounter-defeated,4.39999999999999,0,0,0,exploratory shared-context fixture,
confirmations,native-mini5-easy-l3-yuri-2027,easy,yuri,0,0,3,2027,False,encounter-defeated,4.099999999999991,0,0,0,exploratory shared-context fixture,
confirmations,native-mini5-easy-l5-juggernaut-1007,easy,juggernaut,0,0,5,1007,False,encounter-defeated,3.649999999999992,0,0,0,exploratory shared-context fixture,
confirmations,native-mini5-easy-l5-juggernaut-2027,easy,juggernaut,0,0,5,2027,False,encounter-defeated,3.599999999999992,0,0,0,exploratory shared-context fixture,
confirmations,native-mini5-easy-l5-yuri-1007,easy,yuri,0,0,5,1007,False,encounter-defeated,3.4166666666666594,0,0,0,exploratory shared-context fixture,
confirmations,native-mini5-easy-l5-yuri-2027,easy,yuri,0,0,5,2027,False,encounter-defeated,3.399999999999993,0,0,0,exploratory shared-context fixture,
confirmations,native-mini5-normal-l0-juggernaut-1007,normal,juggernaut,0,0,0,1007,False,death,12.916666666666888,1,0.5743463414634107,0,exploratory shared-context fixture,confirmations/native-mini5-normal-l0-juggernaut-1007.png
confirmations,native-mini5-normal-l0-juggernaut-2027,normal,juggernaut,0,0,0,2027,False,death,12.916666666666888,1,0.5676195121951179,0,exploratory shared-context fixture,
confirmations,native-mini5-normal-l0-yuri-1007,normal,yuri,0,0,0,1007,False,death,12.90000000000022,1,0.5407121951219471,0,exploratory shared-context fixture,
confirmations,native-mini5-normal-l0-yuri-2027,normal,yuri,0,0,0,2027,False,death,12.90000000000022,1,0.5577268292682885,0,exploratory shared-context fixture,
confirmations,native-mini5-normal-l3-juggernaut-1007,normal,juggernaut,0,0,3,1007,False,encounter-defeated,7.19999999999998,0,0,0,exploratory shared-context fixture,
confirmations,native-mini5-normal-l3-juggernaut-2027,normal,juggernaut,0,0,3,2027,False,encounter-defeated,7.216666666666646,0,0,0,exploratory shared-context fixture,
confirmations,native-mini5-normal-l3-yuri-1007,normal,yuri,0,0,3,1007,False,encounter-defeated,6.783333333333315,0,0,0,exploratory shared-context fixture,
confirmations,native-mini5-normal-l3-yuri-2027,normal,yuri,0,0,3,2027,False,encounter-defeated,6.783333333333315,0,0,0,exploratory shared-context fixture,
confirmations,native-mini5-normal-l5-juggernaut-1007,normal,juggernaut,0,0,5,1007,False,encounter-defeated,5.549999999999986,0,0,0,exploratory shared-context fixture,
confirmations,native-mini5-normal-l5-juggernaut-2027,normal,juggernaut,0,0,5,2027,False,encounter-defeated,5.549999999999986,0,0,0,exploratory shared-context fixture,
confirmations,native-mini5-normal-l5-yuri-1007,normal,yuri,0,0,5,1007,False,encounter-defeated,5.23333333333332,0,0,0,exploratory shared-context fixture,
confirmations,native-mini5-normal-l5-yuri-2027,normal,yuri,0,0,5,2027,False,encounter-defeated,4.949999999999988,0,0,0,exploratory shared-context fixture,
confirmations,native-mini5-hard-l0-juggernaut-1007,hard,juggernaut,0,0,0,1007,False,death,12.533333333333536,1,0.6567424555601448,0,exploratory shared-context fixture,confirmations/native-mini5-hard-l0-juggernaut-1007.png
confirmations,native-mini5-hard-l0-juggernaut-2027,hard,juggernaut,0,0,0,2027,False,encounter-defeated,17.866666666666934,0,0,0,exploratory shared-context fixture,
confirmations,native-mini5-hard-l0-yuri-1007,hard,yuri,0,0,0,1007,False,death,12.516666666666868,1,0.6882926829268257,0,exploratory shared-context fixture,
confirmations,native-mini5-hard-l0-yuri-2027,hard,yuri,0,0,0,2027,False,death,12.516666666666868,1,0.6371971889210375,0,exploratory shared-context fixture,
confirmations,native-mini5-hard-l3-juggernaut-1007,hard,juggernaut,0,0,3,1007,False,encounter-defeated,8.149999999999984,0,0,0,exploratory shared-context fixture,
confirmations,native-mini5-hard-l3-juggernaut-2027,hard,juggernaut,0,0,3,2027,False,encounter-defeated,8.149999999999984,0,0,0,exploratory shared-context fixture,
confirmations,native-mini5-hard-l3-yuri-1007,hard,yuri,0,0,3,1007,False,encounter-defeated,7.566666666666645,0,0,0,exploratory shared-context fixture,
confirmations,native-mini5-hard-l3-yuri-2027,hard,yuri,0,0,3,2027,False,encounter-defeated,7.6333333333333115,0,0,0,exploratory shared-context fixture,
confirmations,native-mini5-hard-l5-juggernaut-1007,hard,juggernaut,0,0,5,1007,False,encounter-defeated,6.033333333333317,0,0,0,exploratory shared-context fixture,
confirmations,native-mini5-hard-l5-juggernaut-2027,hard,juggernaut,0,0,5,2027,False,encounter-defeated,6.033333333333317,0,0,0,exploratory shared-context fixture,
confirmations,native-mini5-hard-l5-yuri-1007,hard,yuri,0,0,5,1007,False,encounter-defeated,5.6833333333333185,0,0,0,exploratory shared-context fixture,
confirmations,native-mini5-hard-l5-yuri-2027,hard,yuri,0,0,5,2027,False,encounter-defeated,5.6833333333333185,0,0,0,exploratory shared-context fixture,
confirmations,native-mini5-furious-l0-juggernaut-1007,furious,juggernaut,0,0,0,1007,False,death,12.283333333333523,1,0.7089566787003574,0,exploratory shared-context fixture,confirmations/native-mini5-furious-l0-juggernaut-1007.png
confirmations,native-mini5-furious-l0-juggernaut-2027,furious,juggernaut,0,0,0,2027,False,death,12.283333333333523,1,0.7126714801444007,0,exploratory shared-context fixture,
confirmations,native-mini5-furious-l0-yuri-1007,furious,yuri,0,0,0,1007,False,death,12.266666666666856,1,0.6874368231046891,0,exploratory shared-context fixture,
confirmations,native-mini5-furious-l0-yuri-2027,furious,yuri,0,0,0,2027,False,death,12.266666666666856,1,0.6842490974729204,0,exploratory shared-context fixture,
confirmations,native-mini5-furious-l3-juggernaut-1007,furious,juggernaut,0,0,3,1007,False,encounter-defeated,9.316666666666709,0,0,0,exploratory shared-context fixture,
confirmations,native-mini5-furious-l3-juggernaut-2027,furious,juggernaut,0,0,3,2027,False,encounter-defeated,9.366666666666712,0,0,0,exploratory shared-context fixture,
confirmations,native-mini5-furious-l3-yuri-1007,furious,yuri,0,0,3,1007,False,encounter-defeated,8.51666666666667,0,0,0,exploratory shared-context fixture,
confirmations,native-mini5-furious-l3-yuri-2027,furious,yuri,0,0,3,2027,False,encounter-defeated,8.733333333333347,0,0,0,exploratory shared-context fixture,
confirmations,native-mini5-furious-l5-juggernaut-1007,furious,juggernaut,0,0,5,1007,False,encounter-defeated,6.716666666666648,0,0,0,exploratory shared-context fixture,
confirmations,native-mini5-furious-l5-juggernaut-2027,furious,juggernaut,0,0,5,2027,False,encounter-defeated,6.716666666666648,0,0,0,exploratory shared-context fixture,
confirmations,native-mini5-furious-l5-yuri-1007,furious,yuri,0,0,5,1007,False,encounter-defeated,6.26666666666665,0,0,0,exploratory shared-context fixture,
confirmations,native-mini5-furious-l5-yuri-2027,furious,yuri,0,0,5,2027,False,encounter-defeated,6.26666666666665,0,0,0,exploratory shared-context fixture,
confirmations,owned-axel-4,normal,axel,4,4,3,2027,False,encounter-defeated,14.23333333333362,0,0,48,exploratory shared-context fixture,
confirmations,owned-axel-6,normal,axel,6,6,3,2027,False,time-limit,20.000000000000146,0,0.5433702882483391,578.3499999999999,exploratory shared-context fixture,
confirmations,owned-axel-7,normal,axel,7,7,3,2027,False,time-limit,20.000000000000146,0,0.3778713968957847,549.9999999999997,exploratory shared-context fixture,
confirmations,owned-decker-4,normal,decker,4,4,3,2027,False,encounter-defeated,14.23333333333362,0,0,42,exploratory shared-context fixture,
confirmations,owned-decker-6,normal,decker,6,6,3,2027,False,time-limit,20.000000000000146,0,0.5290022172949025,586.45,exploratory shared-context fixture,
confirmations,owned-decker-7,normal,decker,7,7,3,2027,False,time-limit,20.000000000000146,0,0.3687804878048756,554.6999999999996,exploratory shared-context fixture,
confirmations,owned-maverick-4,normal,maverick,4,4,3,2027,False,encounter-defeated,14.23333333333362,0,0,45,exploratory shared-context fixture,
confirmations,owned-maverick-6,normal,maverick,6,6,3,2027,False,time-limit,20.000000000000146,0,0.495343680709537,578.3499999999999,exploratory shared-context fixture,
confirmations,owned-maverick-7,normal,maverick,7,7,3,2027,False,time-limit,20.000000000000146,0,0.40705099778270254,554.6999999999997,exploratory shared-context fixture,
confirmations,owned-freezer-4,normal,freezer,4,4,3,2027,False,encounter-defeated,14.23333333333362,0,0,48,exploratory shared-context fixture,confirmations/owned-freezer-4.png
confirmations,owned-freezer-6,normal,freezer,6,6,3,2027,False,time-limit,20.000000000000146,0,0.4293791574279402,519.6500000000003,exploratory shared-context fixture,confirmations/owned-freezer-6.png
confirmations,owned-freezer-7,normal,freezer,7,7,3,2027,False,time-limit,20.000000000000146,0,0.41121951219511943,549.9999999999998,exploratory shared-context fixture,confirmations/owned-freezer-7.png
confirmations,owned-juggernaut-4,normal,juggernaut,4,4,3,2027,False,encounter-defeated,14.23333333333362,0,0,42,exploratory shared-context fixture,
confirmations,owned-juggernaut-6,normal,juggernaut,6,6,3,2027,False,time-limit,20.000000000000146,0,0.5200221729490047,574.3,exploratory shared-context fixture,
confirmations,owned-juggernaut-7,normal,juggernaut,7,7,3,2027,False,time-limit,20.000000000000146,0,0.3640354767184011,549.9999999999997,exploratory shared-context fixture,
confirmations,owned-yuri-4,normal,yuri,4,4,3,2027,False,time-limit,20.000000000000146,0,0.4090465631929059,515.9999999999975,exploratory shared-context fixture,confirmations/owned-yuri-4.png
confirmations,owned-yuri-6,normal,yuri,6,6,3,2027,False,time-limit,20.000000000000146,0,0.47784922394678775,582.3999999999996,exploratory shared-context fixture,confirmations/owned-yuri-6.png
confirmations,owned-yuri-7,normal,yuri,7,7,3,2027,False,time-limit,20.000000000000146,0,0.3716186252771594,549.9999999999998,exploratory shared-context fixture,confirmations/owned-yuri-7.png
confirmations,owned-yuri-8,normal,yuri,8,8,3,2027,False,time-limit,20.000000000000146,0,0.9221995565410199,166.44000000000005,exploratory shared-context fixture,confirmations/owned-yuri-8.png
confirmations,owned-lizzie-4,normal,lizzie,4,4,3,2027,False,encounter-defeated,14.23333333333362,0,0,45,exploratory shared-context fixture,
confirmations,owned-lizzie-6,normal,lizzie,6,6,3,2027,False,time-limit,20.000000000000146,0,0.5146341463414659,574.2999999999998,exploratory shared-context fixture,
confirmations,owned-lizzie-7,normal,lizzie,7,7,3,2027,False,time-limit,20.000000000000146,0,0.37011086474500865,554.6999999999997,exploratory shared-context fixture,
confirmations,owned-falva-4,normal,falva,4,4,3,2027,False,encounter-defeated,14.23333333333362,0,0,45,exploratory shared-context fixture,
confirmations,owned-falva-6,normal,falva,6,6,3,2027,False,time-limit,20.000000000000146,0,0.48503325942350606,578.3499999999999,exploratory shared-context fixture,
confirmations,owned-falva-7,normal,falva,7,7,3,2027,False,time-limit,20.000000000000146,0,0.368203991130818,549.9999999999998,exploratory shared-context fixture,
confirmations,owned-cole-4,normal,cole,4,4,3,2027,False,encounter-defeated,14.23333333333362,0,0,48,exploratory shared-context fixture,
confirmations,owned-cole-6,normal,cole,6,6,3,2027,False,time-limit,20.000000000000146,0,0.49175166297117784,574.2999999999995,exploratory shared-context fixture,
confirmations,owned-cole-7,normal,cole,7,7,3,2027,False,time-limit,20.000000000000146,0,0.4490022172948978,470.7999999999993,exploratory shared-context fixture,
confirmations,coop-s4-easy-stationary,easy,yuri,0,0,3,4047,True,time-limit,40.01666666666568,3,0.5,529,exploratory shared-context fixture,
confirmations,coop-s4-easy-mirror,easy,yuri,0,0,3,4047,True,time-limit,40.01666666666568,5,0.7856691919191919,380,exploratory shared-context fixture,
confirmations,coop-s4-easy-out,easy,yuri,0,0,3,4047,True,time-limit,40.01666666666568,2,0.7998737373737373,258,exploratory shared-context fixture,
confirmations,coop-s4-normal-stationary,normal,yuri,0,0,3,4047,True,time-limit,40.01666666666568,3,0.7513774104683195,731,exploratory shared-context fixture,
confirmations,coop-s4-normal-mirror,normal,yuri,0,0,3,4047,True,time-limit,40.01666666666568,4,0.8906336088154246,531.2000000000008,exploratory shared-context fixture,confirmations/coop-s4-normal-mirror.png
confirmations,coop-s4-normal-out,normal,yuri,0,0,3,4047,True,time-limit,40.01666666666568,2,0.8908402203856749,313,exploratory shared-context fixture,
confirmations,coop-s4-hard-stationary,hard,yuri,0,0,3,4047,True,continue,38.71666666666575,8,0.8534435261707989,538,exploratory shared-context fixture,
confirmations,coop-s4-hard-mirror,hard,yuri,0,0,3,4047,True,time-limit,40.01666666666568,7,0.8964187327823692,547,exploratory shared-context fixture,
confirmations,coop-s4-hard-out,hard,yuri,0,0,3,4047,True,continue,37.79999999999914,4,0.9619834710743802,145,exploratory shared-context fixture,
confirmations,coop-s4-furious-stationary,furious,yuri,0,0,3,4047,True,time-limit,40.01666666666568,7,0.856993006993007,682,exploratory shared-context fixture,
confirmations,coop-s4-furious-mirror,furious,yuri,0,0,3,4047,True,time-limit,40.01666666666568,5,0.9163170163170163,607,exploratory shared-context fixture,
confirmations,coop-s4-furious-out,furious,yuri,0,0,3,4047,True,time-limit,40.01666666666568,4,0.9361305361305361,207,exploratory shared-context fixture,
confirmations,coop-mini6-easy-stationary,easy,yuri,0,7,3,4047,True,encounter-defeated,11.366666666666811,0,0,422.69999999999925,exploratory shared-context fixture,
confirmations,coop-mini6-easy-mirror,easy,yuri,0,7,3,4047,True,encounter-defeated,12.200000000000186,0,0,429.99999999999943,exploratory shared-context fixture,
confirmations,coop-mini6-easy-out,easy,yuri,0,7,3,4047,True,encounter-defeated,33.54999999999938,0,0,665.1999999999995,exploratory shared-context fixture,
confirmations,coop-mini6-normal-stationary,normal,yuri,0,7,3,4047,True,encounter-defeated,35.083333333332625,2,0,826.0000000000009,exploratory shared-context fixture,
confirmations,coop-mini6-normal-mirror,normal,yuri,0,7,3,4047,True,encounter-defeated,34.583333333332654,2,0,826.0000000000002,exploratory shared-context fixture,confirmations/coop-mini6-normal-mirror.png
confirmations,coop-mini6-normal-out,normal,yuri,0,7,3,4047,True,time-limit,40.01666666666568,0,0.2683013293943839,830.7000000000025,exploratory shared-context fixture,
confirmations,coop-mini6-hard-stationary,hard,yuri,0,7,3,4047,True,encounter-defeated,38.88333333333241,3,0,980.7000000000021,exploratory shared-context fixture,
confirmations,coop-mini6-hard-mirror,hard,yuri,0,7,3,4047,True,encounter-defeated,38.01666666666579,2,0,980.7000000000016,exploratory shared-context fixture,
confirmations,coop-mini6-hard-out,hard,yuri,0,7,3,4047,True,encounter-defeated,32.783333333332756,0,0,976.0000000000036,exploratory shared-context fixture,
confirmations,coop-mini6-furious-stationary,furious,yuri,0,7,3,4047,True,time-limit,40.01666666666568,3,0.3481517935258119,1672.0000000000023,exploratory shared-context fixture,
confirmations,coop-mini6-furious-mirror,furious,yuri,0,7,3,4047,True,time-limit,40.01666666666568,2,0.29739720034995776,1129.4500000000016,exploratory shared-context fixture,
confirmations,coop-mini6-furious-out,furious,yuri,0,7,3,4047,True,time-limit,40.01666666666568,0,0.33460192475940465,1116.0000000000043,exploratory shared-context fixture,
confirmations,coop-herald-easy-stationary,easy,yuri,0,7,3,4047,True,encounter-defeated,15.800000000000365,1,0,873.5999999999985,exploratory shared-context fixture,
confirmations,coop-herald-easy-mirror,easy,yuri,0,7,3,4047,True,encounter-defeated,14.950000000000323,1,0,739.05,exploratory shared-context fixture,
confirmations,coop-herald-easy-out,easy,yuri,0,7,3,4047,True,encounter-defeated,39.166666666665726,0,0,902.9000000000017,exploratory shared-context fixture,
confirmations,coop-herald-normal-stationary,normal,yuri,0,7,3,4047,True,time-limit,40.01666666666568,6,0.15827372436816015,1804.3500000000079,exploratory shared-context fixture,
confirmations,coop-herald-normal-mirror,normal,yuri,0,7,3,4047,True,time-limit,40.01666666666568,4,0.23576537911303327,1706.4000000000085,exploratory shared-context fixture,confirmations/coop-herald-normal-mirror.png
confirmations,coop-herald-normal-out,normal,yuri,0,7,3,4047,True,time-limit,40.01666666666568,0,0.32303290414880137,1932,exploratory shared-context fixture,
confirmations,coop-herald-hard-stationary,hard,yuri,0,7,3,4047,True,time-limit,40.01666666666568,6,0.28674398439194887,2124.0000000000036,exploratory shared-context fixture,
confirmations,coop-herald-hard-mirror,hard,yuri,0,7,3,4047,True,time-limit,40.01666666666568,4,0.28697160199437655,2070.150000000007,exploratory shared-context fixture,
confirmations,coop-herald-hard-out,hard,yuri,0,7,3,4047,True,continue,25.266666666666513,4,0.8051159765879023,899.0000000000064,exploratory shared-context fixture,
confirmations,coop-herald-furious-stationary,furious,yuri,0,7,3,4047,True,time-limit,40.01666666666568,4,0.3827279398275614,2510,exploratory shared-context fixture,
confirmations,coop-herald-furious-mirror,furious,yuri,0,7,3,4047,True,time-limit,40.01666666666568,6,0.3917171161254837,2348.3000000000156,exploratory shared-context fixture,
confirmations,coop-herald-furious-out,furious,yuri,0,7,3,4047,True,continue,22.916666666666647,4,0.8656943680058697,724.0000000000036,exploratory shared-context fixture,
confirmations,coop-final-host-easy-stationary,easy,yuri,0,7,3,4047,True,phase-depleted,5.616666666666652,0,0,1632.0000000000005,exploratory shared-context fixture,
confirmations,coop-final-host-easy-mirror,easy,yuri,0,7,3,4047,True,phase-depleted,8.149999999999984,1,0,1632.0000000000055,exploratory shared-context fixture,
confirmations,coop-final-host-easy-out,easy,yuri,0,7,3,4047,True,phase-depleted,17.56666666666695,1,0,1632.0000000000055,exploratory shared-context fixture,
confirmations,coop-final-host-normal-stationary,normal,yuri,0,7,3,4047,True,phase-depleted,34.56666666666599,6,0,3536.0000000000546,exploratory shared-context fixture,
confirmations,coop-final-host-normal-mirror,normal,yuri,0,7,3,4047,True,phase-depleted,36.716666666665866,7,0,3536.000000000023,exploratory shared-context fixture,confirmations/coop-final-host-normal-mirror.png
confirmations,coop-final-host-normal-out,normal,yuri,0,7,3,4047,True,time-limit,40.01666666666568,3,0.5034230769230789,2227.099999999996,exploratory shared-context fixture,
confirmations,coop-final-host-hard-stationary,hard,yuri,0,7,3,4047,True,time-limit,40.01666666666568,7,0.02884848484849831,4331.250000000018,exploratory shared-context fixture,
confirmations,coop-final-host-hard-mirror,hard,yuri,0,7,3,4047,True,phase-depleted,24.549999999999887,2,0,4488.000000000003,exploratory shared-context fixture,
confirmations,coop-final-host-hard-out,hard,yuri,0,7,3,4047,True,time-limit,40.01666666666568,3,0.6192878787878691,2153.900000000027,exploratory shared-context fixture,
confirmations,coop-final-host-furious-stationary,furious,yuri,0,7,3,4047,True,time-limit,40.01666666666568,6,0.052121951219527084,5085.40000000001,exploratory shared-context fixture,
confirmations,coop-final-host-furious-mirror,furious,yuri,0,7,3,4047,True,time-limit,40.01666666666568,5,0.39680487804878567,3736.4000000000087,exploratory shared-context fixture,
confirmations,coop-final-host-furious-out,furious,yuri,0,7,3,4047,True,time-limit,40.01666666666568,3,0.7247682926829202,2119.050000000023,exploratory shared-context fixture,
selected_mg,selected-mg-axel,normal,axel,0,0,3,2027,False,time-limit,20.000000000000146,0,0.5215077605321508,545,exploratory shared-context fixture,
selected_mg,selected-mg-decker,normal,decker,0,0,3,2027,False,time-limit,20.000000000000146,0,0.5534368070953437,470,exploratory shared-context fixture,
selected_mg,selected-mg-maverick,normal,maverick,0,0,3,2027,False,time-limit,20.000000000000146,0,0.4762749445676275,551,exploratory shared-context fixture,
selected_mg,selected-mg-freezer,normal,freezer,0,0,3,2027,False,time-limit,20.000000000000146,0,0.5188470066518847,551,exploratory shared-context fixture,
selected_mg,selected-mg-juggernaut,normal,juggernaut,0,0,3,2027,False,time-limit,20.000000000000146,0,0.5534368070953437,434,exploratory shared-context fixture,
selected_mg,selected-mg-yuri,normal,yuri,0,0,3,2027,False,time-limit,20.000000000000146,0,0.47139689578713967,556,exploratory shared-context fixture,
selected_mg,selected-mg-lizzie,normal,lizzie,0,0,3,2027,False,time-limit,20.000000000000146,0,0.5228381374722838,539,exploratory shared-context fixture,
selected_mg,selected-mg-falva,normal,falva,0,0,3,2027,False,time-limit,20.000000000000146,0,0.4776053215077605,548,exploratory shared-context fixture,
selected_mg,selected-mg-cole,normal,cole,0,0,3,2027,False,time-limit,20.000000000000146,0,0.5068736141906873,479,exploratory shared-context fixture,selected_mg/selected-mg-cole.png
fresh_entry,fresh-native-mini5-easy-l0-juggernaut-1007,easy,juggernaut,0,0,0,1007,False,encounter-defeated,8.633333333333342,0,0,0,fresh-browser confirmation,fresh_entry/fresh-native-mini5-easy-l0-juggernaut-1007.png
fresh_entry,fresh-native-mini5-easy-l0-juggernaut-2027,easy,juggernaut,0,0,0,2027,False,encounter-defeated,8.633333333333342,0,0,0,fresh-browser confirmation,
fresh_entry,fresh-native-mini5-easy-l0-yuri-1007,easy,yuri,0,0,0,1007,False,encounter-defeated,8.216666666666654,0,0,0,fresh-browser confirmation,
fresh_entry,fresh-native-mini5-easy-l0-yuri-2027,easy,yuri,0,0,0,2027,False,encounter-defeated,8.216666666666654,0,0,0,fresh-browser confirmation,
fresh_entry,fresh-native-mini5-easy-l3-juggernaut-1007,easy,juggernaut,0,0,3,1007,False,encounter-defeated,4.649999999999989,0,0,0,fresh-browser confirmation,
fresh_entry,fresh-native-mini5-easy-l3-juggernaut-2027,easy,juggernaut,0,0,3,2027,False,encounter-defeated,4.649999999999989,0,0,0,fresh-browser confirmation,
fresh_entry,fresh-native-mini5-easy-l3-yuri-1007,easy,yuri,0,0,3,1007,False,encounter-defeated,4.39999999999999,0,0,0,fresh-browser confirmation,
fresh_entry,fresh-native-mini5-easy-l3-yuri-2027,easy,yuri,0,0,3,2027,False,encounter-defeated,4.39999999999999,0,0,0,fresh-browser confirmation,
fresh_entry,fresh-native-mini5-easy-l5-juggernaut-1007,easy,juggernaut,0,0,5,1007,False,encounter-defeated,3.649999999999992,0,0,0,fresh-browser confirmation,
fresh_entry,fresh-native-mini5-easy-l5-juggernaut-2027,easy,juggernaut,0,0,5,2027,False,encounter-defeated,3.599999999999992,0,0,0,fresh-browser confirmation,
fresh_entry,fresh-native-mini5-easy-l5-yuri-1007,easy,yuri,0,0,5,1007,False,encounter-defeated,3.4166666666666594,0,0,0,fresh-browser confirmation,
fresh_entry,fresh-native-mini5-easy-l5-yuri-2027,easy,yuri,0,0,5,2027,False,encounter-defeated,3.399999999999993,0,0,0,fresh-browser confirmation,
fresh_entry,fresh-native-mini5-normal-l0-juggernaut-1007,normal,juggernaut,0,0,0,1007,False,death,12.916666666666888,1,0.5755219512195081,0,fresh-browser confirmation,fresh_entry/fresh-native-mini5-normal-l0-juggernaut-1007.png
fresh_entry,fresh-native-mini5-normal-l0-juggernaut-2027,normal,juggernaut,0,0,0,2027,False,death,12.916666666666888,1,0.5702536585365814,0,fresh-browser confirmation,
fresh_entry,fresh-native-mini5-normal-l0-yuri-1007,normal,yuri,0,0,0,1007,False,death,12.90000000000022,1,0.5335219512195082,0,fresh-browser confirmation,
fresh_entry,fresh-native-mini5-normal-l0-yuri-2027,normal,yuri,0,0,0,2027,False,death,12.90000000000022,1,0.546692682926825,0,fresh-browser confirmation,
fresh_entry,fresh-native-mini5-normal-l3-juggernaut-1007,normal,juggernaut,0,0,3,1007,False,encounter-defeated,7.19999999999998,0,0,0,fresh-browser confirmation,
fresh_entry,fresh-native-mini5-normal-l3-juggernaut-2027,normal,juggernaut,0,0,3,2027,False,encounter-defeated,7.19999999999998,0,0,0,fresh-browser confirmation,
fresh_entry,fresh-native-mini5-normal-l3-yuri-1007,normal,yuri,0,0,3,1007,False,encounter-defeated,6.783333333333315,0,0,0,fresh-browser confirmation,
fresh_entry,fresh-native-mini5-normal-l3-yuri-2027,normal,yuri,0,0,3,2027,False,encounter-defeated,6.783333333333315,0,0,0,fresh-browser confirmation,
fresh_entry,fresh-native-mini5-normal-l5-juggernaut-1007,normal,juggernaut,0,0,5,1007,False,encounter-defeated,5.549999999999986,0,0,0,fresh-browser confirmation,
fresh_entry,fresh-native-mini5-normal-l5-juggernaut-2027,normal,juggernaut,0,0,5,2027,False,encounter-defeated,5.549999999999986,0,0,0,fresh-browser confirmation,
fresh_entry,fresh-native-mini5-normal-l5-yuri-1007,normal,yuri,0,0,5,1007,False,encounter-defeated,5.23333333333332,0,0,0,fresh-browser confirmation,
fresh_entry,fresh-native-mini5-normal-l5-yuri-2027,normal,yuri,0,0,5,2027,False,encounter-defeated,5.033333333333321,0,0,0,fresh-browser confirmation,
fresh_entry,fresh-native-mini5-hard-l0-juggernaut-1007,hard,juggernaut,0,0,0,1007,False,death,12.533333333333536,1,0.6567424555601448,0,fresh-browser confirmation,fresh_entry/fresh-native-mini5-hard-l0-juggernaut-1007.png
fresh_entry,fresh-native-mini5-hard-l0-juggernaut-2027,hard,juggernaut,0,0,0,2027,False,death,12.533333333333536,1,0.6500454733360853,0,fresh-browser confirmation,
fresh_entry,fresh-native-mini5-hard-l0-yuri-1007,hard,yuri,0,0,0,1007,False,death,12.516666666666868,1,0.6282678792889581,0,fresh-browser confirmation,
fresh_entry,fresh-native-mini5-hard-l0-yuri-2027,hard,yuri,0,0,0,2027,False,death,12.516666666666868,1,0.6371971889210375,0,fresh-browser confirmation,
fresh_entry,fresh-native-mini5-hard-l3-juggernaut-1007,hard,juggernaut,0,0,3,1007,False,encounter-defeated,8.149999999999984,0,0,0,fresh-browser confirmation,
fresh_entry,fresh-native-mini5-hard-l3-juggernaut-2027,hard,juggernaut,0,0,3,2027,False,encounter-defeated,8.149999999999984,0,0,0,fresh-browser confirmation,
fresh_entry,fresh-native-mini5-hard-l3-yuri-1007,hard,yuri,0,0,3,1007,False,encounter-defeated,7.566666666666645,0,0,0,fresh-browser confirmation,
fresh_entry,fresh-native-mini5-hard-l3-yuri-2027,hard,yuri,0,0,3,2027,False,encounter-defeated,7.566666666666645,0,0,0,fresh-browser confirmation,
fresh_entry,fresh-native-mini5-hard-l5-juggernaut-1007,hard,juggernaut,0,0,5,1007,False,encounter-defeated,6.033333333333317,0,0,0,fresh-browser confirmation,
fresh_entry,fresh-native-mini5-hard-l5-juggernaut-2027,hard,juggernaut,0,0,5,2027,False,encounter-defeated,6.033333333333317,0,0,0,fresh-browser confirmation,
fresh_entry,fresh-native-mini5-hard-l5-yuri-1007,hard,yuri,0,0,5,1007,False,encounter-defeated,5.6833333333333185,0,0,0,fresh-browser confirmation,
fresh_entry,fresh-native-mini5-hard-l5-yuri-2027,hard,yuri,0,0,5,2027,False,encounter-defeated,5.6833333333333185,0,0,0,fresh-browser confirmation,
fresh_entry,fresh-native-mini5-furious-l0-juggernaut-1007,furious,juggernaut,0,0,0,1007,False,death,12.283333333333523,1,0.7018700361010793,0,fresh-browser confirmation,fresh_entry/fresh-native-mini5-furious-l0-juggernaut-1007.png
fresh_entry,fresh-native-mini5-furious-l0-juggernaut-2027,furious,juggernaut,0,0,0,2027,False,death,12.283333333333523,1,0.7087725631768917,0,fresh-browser confirmation,
fresh_entry,fresh-native-mini5-furious-l0-yuri-1007,furious,yuri,0,0,0,1007,False,death,12.266666666666856,1,0.6874368231046891,0,fresh-browser confirmation,
fresh_entry,fresh-native-mini5-furious-l0-yuri-2027,furious,yuri,0,0,0,2027,False,death,12.266666666666856,1,0.6874368231046893,0,fresh-browser confirmation,
fresh_entry,fresh-native-mini5-furious-l3-juggernaut-1007,furious,juggernaut,0,0,3,1007,False,encounter-defeated,9.316666666666709,0,0,0,fresh-browser confirmation,
fresh_entry,fresh-native-mini5-furious-l3-juggernaut-2027,furious,juggernaut,0,0,3,2027,False,encounter-defeated,9.366666666666712,0,0,0,fresh-browser confirmation,
fresh_entry,fresh-native-mini5-furious-l3-yuri-1007,furious,yuri,0,0,3,1007,False,encounter-defeated,8.51666666666667,0,0,0,fresh-browser confirmation,
fresh_entry,fresh-native-mini5-furious-l3-yuri-2027,furious,yuri,0,0,3,2027,False,encounter-defeated,8.733333333333347,0,0,0,fresh-browser confirmation,
fresh_entry,fresh-native-mini5-furious-l5-juggernaut-1007,furious,juggernaut,0,0,5,1007,False,encounter-defeated,6.716666666666648,0,0,0,fresh-browser confirmation,
fresh_entry,fresh-native-mini5-furious-l5-juggernaut-2027,furious,juggernaut,0,0,5,2027,False,encounter-defeated,6.716666666666648,0,0,0,fresh-browser confirmation,
fresh_entry,fresh-native-mini5-furious-l5-yuri-1007,furious,yuri,0,0,5,1007,False,encounter-defeated,6.26666666666665,0,0,0,fresh-browser confirmation,
fresh_entry,fresh-native-mini5-furious-l5-yuri-2027,furious,yuri,0,0,5,2027,False,encounter-defeated,6.26666666666665,0,0,0,fresh-browser confirmation,
fresh_entry,fresh-repeat-0,normal,yuri,0,0,3,1007,False,encounter-defeated,6.783333333333315,0,0,0,fresh-browser confirmation,
fresh_entry,fresh-repeat-1,normal,yuri,0,0,3,1007,False,encounter-defeated,6.783333333333315,0,0,0,fresh-browser confirmation,
